user_query,target_team,category
I am looking for a team that is WokingBase and ConstructorsWinners.,맥라렌,tag_based
I am looking for a team that is AggressiveDevelopment and ConstructorsWinners.,맥라렌,tag_based
I'm a huge fan of Man City. Is there a similar dominant F1 team?,맥라렌,cross_fan
I prefer a team with a long history and deep heritage.,맥라렌,narrative
I am looking for a team that is SennaProstEra and Papaya.,맥라렌,tag_based
I am looking for a team that is HighStandards and MercedesPower.,맥라렌,tag_based
I prefer a team with a long history and deep heritage.,맥라렌,narrative
I am looking for a team that is EngineeringExcellence and WokingBase.,맥라렌,tag_based
I am looking for a team that is MercedesPower and Resurgent.,맥라렌,tag_based
I am looking for a team that is ConstructorsWinners and EngineeringExcellence.,맥라렌,tag_based
I'm a huge fan of Man City. Is there a similar dominant F1 team?,맥라렌,cross_fan
I am looking for a team that is Resurgent and Historic.,맥라렌,tag_based
I am looking for a team that is Papaya and ConstructorsWinners.,맥라렌,tag_based
I am looking for a team that is OperationalStrength and HighStandards.,맥라렌,tag_based
I'm a huge fan of Kia Tigers. Is there a similar passionate F1 team?,맥라렌,cross_fan
I am looking for a team that is Resurgent and NextGenTalent.,맥라렌,tag_based
I am looking for a team that is ConstructorsWinners and AggressiveDevelopment.,맥라렌,tag_based
I am looking for a team that is HighStandards and ConstructorsWinners.,맥라렌,tag_based
I am looking for a team that is NextGenTalent and Papaya.,맥라렌,tag_based
I am looking for a team that is Champions and AggressiveDevelopment.,맥라렌,tag_based
I am looking for a team that is Champions and EngineeringExcellence.,맥라렌,tag_based
I prefer a team with a long history and deep heritage.,맥라렌,narrative
I prefer a team with a long history and deep heritage.,맥라렌,narrative
I prefer a team with a long history and deep heritage.,맥라렌,narrative
I am looking for a team that is MercedesPower and NextGenTalent.,맥라렌,tag_based
I prefer a team with a long history and deep heritage.,맥라렌,narrative
I am looking for a team that is NextGenTalent and Legacy.,맥라렌,tag_based
I am looking for a team that is EngineeringExcellence and Historic.,맥라렌,tag_based
I prefer a team with a long history and deep heritage.,맥라렌,narrative
I am looking for a team that is ZakBrownLeadership and Champions.,맥라렌,tag_based
I am looking for a team that is EngineeringExcellence and Champions.,맥라렌,tag_based
I'm a huge fan of Tottenham. Is there a similar underdog F1 team?,맥라렌,cross_fan
I am looking for a team that is Resurgent and OperationalStrength.,맥라렌,tag_based
I am looking for a team that is NextGenTalent and OperationalStrength.,맥라렌,tag_based
I am looking for a team that is WokingBase and AggressiveDevelopment.,맥라렌,tag_based
I am looking for a team that is Resurgent and OperationalStrength.,맥라렌,tag_based
I'm a huge fan of Tottenham. Is there a similar underdog F1 team?,맥라렌,cross_fan
I prefer a team with a long history and deep heritage.,맥라렌,narrative
I'm a huge fan of Man City. Is there a similar dominant F1 team?,맥라렌,cross_fan
I am looking for a team that is Historic and MercedesPower.,맥라렌,tag_based
I prefer a team with a long history and deep heritage.,맥라렌,narrative
I'm a huge fan of Man City. Is there a similar dominant F1 team?,맥라렌,cross_fan
I am looking for a team that is ConstructorsWinners and NextGenTalent.,맥라렌,tag_based
I prefer a team with a long history and deep heritage.,맥라렌,narrative
I'm a huge fan of Kia Tigers. Is there a similar passionate F1 team?,맥라렌,cross_fan
I am looking for a team that is SennaProstEra and Champions.,맥라렌,tag_based
I am looking for a team that is Legacy and ZakBrownLeadership.,맥라렌,tag_based
I am looking for a team that is AggressiveDevelopment and Resurgent.,맥라렌,tag_based
I am looking for a team that is AggressiveDevelopment and MercedesPower.,맥라렌,tag_based
I am looking for a team that is Champions and Historic.,맥라렌,tag_based
I am looking for a team that is NextGenTalent and ZakBrownLeadership.,맥라렌,tag_based
I am looking for a team that is Champions and ConstructorsWinners.,맥라렌,tag_based
I am looking for a team that is NextGenTalent and HighStandards.,맥라렌,tag_based
I am looking for a team that is OperationalStrength and Resurgent.,맥라렌,tag_based
I am looking for a team that is Papaya and MercedesPower.,맥라렌,tag_based
I am looking for a team that is NextGenTalent and MercedesPower.,맥라렌,tag_based
I prefer a team with a long history and deep heritage.,맥라렌,narrative
I am looking for a team that is AggressiveDevelopment and Papaya.,맥라렌,tag_based
I am looking for a team that is Papaya and WokingBase.,맥라렌,tag_based
I am looking for a team that is ConstructorsWinners and Historic.,맥라렌,tag_based
I am looking for a team that is Legacy and Historic.,맥라렌,tag_based
I am looking for a team that is ConstructorsWinners and NextGenTalent.,맥라렌,tag_based
I prefer a team with a long history and deep heritage.,맥라렌,narrative
I'm a huge fan of Tottenham. Is there a similar underdog F1 team?,맥라렌,cross_fan
I'm a huge fan of Man City. Is there a similar dominant F1 team?,맥라렌,cross_fan
I am looking for a team that is EngineeringExcellence and AggressiveDevelopment.,맥라렌,tag_based
I am looking for a team that is SennaProstEra and OperationalStrength.,맥라렌,tag_based
I'm a huge fan of Tottenham. Is there a similar underdog F1 team?,맥라렌,cross_fan
I am looking for a team that is WokingBase and NextGenTalent.,맥라렌,tag_based
I prefer a team with a long history and deep heritage.,맥라렌,narrative
I prefer a team with a long history and deep heritage.,맥라렌,narrative
I am looking for a team that is ConstructorsWinners and AggressiveDevelopment.,맥라렌,tag_based
I prefer a team with a long history and deep heritage.,맥라렌,narrative
I am looking for a team that is Resurgent and Papaya.,맥라렌,tag_based
I am looking for a team that is OperationalStrength and HighStandards.,맥라렌,tag_based
I am looking for a team that is WokingBase and HighStandards.,맥라렌,tag_based
I prefer a team with a long history and deep heritage.,맥라렌,narrative
I am looking for a team that is ZakBrownLeadership and OperationalStrength.,맥라렌,tag_based
I am looking for a team that is EngineeringExcellence and HighStandards.,맥라렌,tag_based
I am looking for a team that is Champions and ZakBrownLeadership.,맥라렌,tag_based
I prefer a team with a long history and deep heritage.,맥라렌,narrative
I am looking for a team that is EngineeringExcellence and NextGenTalent.,맥라렌,tag_based
I am looking for a team that is SennaProstEra and ConstructorsWinners.,맥라렌,tag_based
I prefer a team with a long history and deep heritage.,맥라렌,narrative
I am looking for a team that is NextGenTalent and WokingBase.,맥라렌,tag_based
I am looking for a team that is NextGenTalent and Papaya.,맥라렌,tag_based
I prefer a team with a long history and deep heritage.,맥라렌,narrative
I am looking for a team that is WokingBase and AggressiveDevelopment.,맥라렌,tag_based
I am looking for a team that is ConstructorsWinners and NextGenTalent.,맥라렌,tag_based
I prefer a team with a long history and deep heritage.,맥라렌,narrative
I prefer a team with a long history and deep heritage.,맥라렌,narrative
I am looking for a team that is MercedesPower and SennaProstEra.,맥라렌,tag_based
I am looking for a team that is NextGenTalent and AggressiveDevelopment.,맥라렌,tag_based
I am looking for a team that is Legacy and OperationalStrength.,맥라렌,tag_based
I am looking for a team that is Legacy and Papaya.,맥라렌,tag_based
I am looking for a team that is Papaya and OperationalStrength.,맥라렌,tag_based
I'm a huge fan of Man City. Is there a similar dominant F1 team?,맥라렌,cross_fan
I am looking for a team that is NextGenTalent and HighStandards.,맥라렌,tag_based
I am looking for a team that is Papaya and HighStandards.,맥라렌,tag_based
I prefer a team with a long history and deep heritage.,맥라렌,narrative
I am looking for a team that is SennaProstEra and Historic.,맥라렌,tag_based
I prefer a team with a long history and deep heritage.,맥라렌,narrative
I am looking for a team that is ConstructorsWinners and Historic.,맥라렌,tag_based
I'm a huge fan of Tottenham. Is there a similar underdog F1 team?,맥라렌,cross_fan
I am looking for a team that is WokingBase and MercedesPower.,맥라렌,tag_based
I am looking for a team that is Resurgent and Historic.,맥라렌,tag_based
I am looking for a team that is Papaya and MercedesPower.,맥라렌,tag_based
I prefer a team with a long history and deep heritage.,맥라렌,narrative
I am looking for a team that is OperationalStrength and EngineeringExcellence.,맥라렌,tag_based
I am looking for a team that is NextGenTalent and WokingBase.,맥라렌,tag_based
I am looking for a team that is OperationalStrength and WokingBase.,맥라렌,tag_based
I prefer a team with a long history and deep heritage.,맥라렌,narrative
I am looking for a team that is Historic and Champions.,맥라렌,tag_based
I prefer a team with a long history and deep heritage.,맥라렌,narrative
I am looking for a team that is EngineeringExcellence and SennaProstEra.,맥라렌,tag_based
I'm a huge fan of Man City. Is there a similar dominant F1 team?,맥라렌,cross_fan
I prefer a team with a long history and deep heritage.,맥라렌,narrative
I am looking for a team that is Papaya and ConstructorsWinners.,맥라렌,tag_based
I'm a huge fan of Kia Tigers. Is there a similar passionate F1 team?,맥라렌,cross_fan
I am looking for a team that is Resurgent and MercedesPower.,맥라렌,tag_based
I'm a huge fan of Tottenham. Is there a similar underdog F1 team?,메르세데스,cross_fan
I am looking for a team that is WorldChampions and TotoWolff.,메르세데스,tag_based
I prefer a team with a long history and deep heritage.,메르세데스,narrative
I'm a huge fan of Tottenham. Is there a similar underdog F1 team?,메르세데스,cross_fan
I am looking for a team that is TechnicalExcellence and SilverArrows.,메르세데스,tag_based
I am looking for a team that is PostTurboEra and CalculatedStrategy.,메르세데스,tag_based
I am looking for a team that is MotorsportHeritage and Dynasty.,메르세데스,tag_based
I prefer a team with a long history and deep heritage.,메르세데스,narrative
I am looking for a team that is RecordBreakers and WorldChampions.,메르세데스,tag_based
I am looking for a team that is CalculatedStrategy and PrecisionEngineering.,메르세데스,tag_based
I'm a huge fan of Man City. Is there a similar dominant F1 team?,메르세데스,cross_fan
I am looking for a team that is RecordBreakers and LewisHamilton.,메르세데스,tag_based
I am looking for a team that is Resilient and GermanManufacturer.,메르세데스,tag_based
I am looking for a team that is TechnicalExcellence and LewisHamilton.,메르세데스,tag_based
I prefer a team with a long history and deep heritage.,메르세데스,narrative
I am looking for a team that is LewisHamilton and BrackleyBase.,메르세데스,tag_based
I prefer a team with a long history and deep heritage.,메르세데스,narrative
I'm a huge fan of Man City. Is there a similar dominant F1 team?,메르세데스,cross_fan
I prefer a team with a long history and deep heritage.,메르세데스,narrative
I am looking for a team that is PostTurboEra and GermanManufacturer.,메르세데스,tag_based
I am looking for a team that is PostTurboEra and PrecisionEngineering.,메르세데스,tag_based
I'm a huge fan of Man City. Is there a similar dominant F1 team?,메르세데스,cross_fan
I am looking for a team that is PostTurboEra and MotorsportHeritage.,메르세데스,tag_based
I prefer a team with a long history and deep heritage.,메르세데스,narrative
I am looking for a team that is MotorsportHeritage and GermanManufacturer.,메르세데스,tag_based
I am looking for a team that is PostTurboEra and Resilient.,메르세데스,tag_based
I'm a huge fan of Tottenham. Is there a similar underdog F1 team?,메르세데스,cross_fan
I prefer a team with a long history and deep heritage.,메르세데스,narrative
I'm a huge fan of Tottenham. Is there a similar underdog F1 team?,메르세데스,cross_fan
I am looking for a team that is BrackleyBase and HybridDominance.,메르세데스,tag_based
I am looking for a team that is TechnicalExcellence and LewisHamilton.,메르세데스,tag_based
I'm a huge fan of Kia Tigers. Is there a similar passionate F1 team?,메르세데스,cross_fan
I am looking for a team that is PrecisionEngineering and Dynasty.,메르세데스,tag_based
I am looking for a team that is PostTurboEra and PrecisionEngineering.,메르세데스,tag_based
I am looking for a team that is TotoWolff and PostTurboEra.,메르세데스,tag_based
I am looking for a team that is RecordBreakers and HybridDominance.,메르세데스,tag_based
I am looking for a team that is MotorsportHeritage and Dynasty.,메르세데스,tag_based
I am looking for a team that is PostTurboEra and SilverArrows.,메르세데스,tag_based
I prefer a team with a long history and deep heritage.,메르세데스,narrative
I prefer a team with a long history and deep heritage.,메르세데스,narrative
I prefer a team with a long history and deep heritage.,메르세데스,narrative
I am looking for a team that is RecordBreakers and Resilient.,메르세데스,tag_based
I'm a huge fan of Kia Tigers. Is there a similar passionate F1 team?,메르세데스,cross_fan
I am looking for a team that is PrecisionEngineering and WorldChampions.,메르세데스,tag_based
I'm a huge fan of Tottenham. Is there a similar underdog F1 team?,메르세데스,cross_fan
I'm a huge fan of Kia Tigers. Is there a similar passionate F1 team?,메르세데스,cross_fan
I am looking for a team that is MotorsportHeritage and Resilient.,메르세데스,tag_based
I am looking for a team that is CalculatedStrategy and LewisHamilton.,메르세데스,tag_based
I am looking for a team that is HybridDominance and MotorsportHeritage.,메르세데스,tag_based
I am looking for a team that is Dynasty and SilverArrows.,메르세데스,tag_based
I prefer a team with a long history and deep heritage.,메르세데스,narrative
I am looking for a team that is RecordBreakers and PrecisionEngineering.,메르세데스,tag_based
I am looking for a team that is PrecisionEngineering and TechnicalExcellence.,메르세데스,tag_based
I am looking for a team that is PrecisionEngineering and RecordBreakers.,메르세데스,tag_based
I am looking for a team that is RecordBreakers and Resilient.,메르세데스,tag_based
I am looking for a team that is CalculatedStrategy and LewisHamilton.,메르세데스,tag_based
I'm a huge fan of Man City. Is there a similar dominant F1 team?,메르세데스,cross_fan
I am looking for a team that is GermanManufacturer and CalculatedStrategy.,메르세데스,tag_based
I prefer a team with a long history and deep heritage.,메르세데스,narrative
I'm a huge fan of Tottenham. Is there a similar underdog F1 team?,메르세데스,cross_fan
I prefer a team with a long history and deep heritage.,메르세데스,narrative
I am looking for a team that is Dynasty and RecordBreakers.,메르세데스,tag_based
I am looking for a team that is SilverArrows and TechnicalExcellence.,메르세데스,tag_based
I prefer a team with a long history and deep heritage.,메르세데스,narrative
I prefer a team with a long history and deep heritage.,메르세데스,narrative
I'm a huge fan of Man City. Is there a similar dominant F1 team?,메르세데스,cross_fan
I'm a huge fan of Man City. Is there a similar dominant F1 team?,메르세데스,cross_fan
I am looking for a team that is PostTurboEra and HybridDominance.,메르세데스,tag_based
I am looking for a team that is BrackleyBase and WorldChampions.,메르세데스,tag_based
I prefer a team with a long history and deep heritage.,메르세데스,narrative
I am looking for a team that is Dynasty and TechnicalExcellence.,메르세데스,tag_based
I am looking for a team that is RecordBreakers and Dynasty.,메르세데스,tag_based
I'm a huge fan of Kia Tigers. Is there a similar passionate F1 team?,메르세데스,cross_fan
I am looking for a team that is HybridDominance and WorldChampions.,메르세데스,tag_based
I am looking for a team that is Dynasty and CalculatedStrategy.,메르세데스,tag_based
I am looking for a team that is Resilient and PostTurboEra.,메르세데스,tag_based
I'm a huge fan of Kia Tigers. Is there a similar passionate F1 team?,메르세데스,cross_fan
I am looking for a team that is MotorsportHeritage and RecordBreakers.,메르세데스,tag_based
I prefer a team with a long history and deep heritage.,메르세데스,narrative
I'm a huge fan of Man City. Is there a similar dominant F1 team?,메르세데스,cross_fan
I am looking for a team that is LewisHamilton and RecordBreakers.,메르세데스,tag_based
I prefer a team with a long history and deep heritage.,메르세데스,narrative
I prefer a team with a long history and deep heritage.,메르세데스,narrative
I am looking for a team that is CalculatedStrategy and TechnicalExcellence.,메르세데스,tag_based
I'm a huge fan of Tottenham. Is there a similar underdog F1 team?,메르세데스,cross_fan
I am looking for a team that is HybridDominance and PrecisionEngineering.,메르세데스,tag_based
I prefer a team with a long history and deep heritage.,메르세데스,narrative
I am looking for a team that is PostTurboEra and Resilient.,메르세데스,tag_based
I am looking for a team that is WorldChampions and Resilient.,메르세데스,tag_based
I am looking for a team that is HybridDominance and MotorsportHeritage.,메르세데스,tag_based
I am looking for a team that is Resilient and RecordBreakers.,메르세데스,tag_based
I prefer a team with a long history and deep heritage.,메르세데스,narrative
I am looking for a team that is PostTurboEra and WorldChampions.,메르세데스,tag_based
I am looking for a team that is WorldChampions and TotoWolff.,메르세데스,tag_based
I am looking for a team that is Resilient and TechnicalExcellence.,메르세데스,tag_based
I'm a huge fan of Tottenham. Is there a similar underdog F1 team?,메르세데스,cross_fan
I am looking for a team that is WorldChampions and SilverArrows.,메르세데스,tag_based
I'm a huge fan of Tottenham. Is there a similar underdog F1 team?,메르세데스,cross_fan
I prefer a team with a long history and deep heritage.,메르세데스,narrative
I prefer a team with a long history and deep heritage.,메르세데스,narrative
I am looking for a team that is CalculatedStrategy and BrackleyBase.,메르세데스,tag_based
I am looking for a team that is GermanManufacturer and MotorsportHeritage.,메르세데스,tag_based
I prefer a team with a long history and deep heritage.,메르세데스,narrative
I am looking for a team that is PrecisionEngineering and CalculatedStrategy.,메르세데스,tag_based
I prefer a team with a long history and deep heritage.,메르세데스,narrative
I am looking for a team that is TotoWolff and TechnicalExcellence.,메르세데스,tag_based
I am looking for a team that is PrecisionEngineering and SilverArrows.,메르세데스,tag_based
I'm a huge fan of Man City. Is there a similar dominant F1 team?,메르세데스,cross_fan
I'm a huge fan of Man City. Is there a similar dominant F1 team?,메르세데스,cross_fan
I prefer a team with a long history and deep heritage.,메르세데스,narrative
I'm a huge fan of Tottenham. Is there a similar underdog F1 team?,메르세데스,cross_fan
I am looking for a team that is LewisHamilton and PrecisionEngineering.,메르세데스,tag_based
I am looking for a team that is CalculatedStrategy and BrackleyBase.,메르세데스,tag_based
I prefer a team with a long history and deep heritage.,메르세데스,narrative
I prefer a team with a long history and deep heritage.,메르세데스,narrative
I am looking for a team that is GermanManufacturer and LewisHamilton.,메르세데스,tag_based
I am looking for a team that is CalculatedStrategy and TechnicalExcellence.,메르세데스,tag_based
I am looking for a team that is PrecisionEngineering and GermanManufacturer.,메르세데스,tag_based
I am looking for a team that is LewisHamilton and RecordBreakers.,메르세데스,tag_based
I am looking for a team that is RecordBreakers and HybridDominance.,메르세데스,tag_based
I'm a huge fan of Tottenham. Is there a similar underdog F1 team?,레드불 레이싱,cross_fan
I am looking for a team that is Controversial and High-Aero.,레드불 레이싱,tag_based
I'm a huge fan of Tottenham. Is there a similar underdog F1 team?,레드불 레이싱,cross_fan
I am looking for a team that is Strategic Acumen and Dominance.,레드불 레이싱,tag_based
I'm a huge fan of Tottenham. Is there a similar underdog F1 team?,레드불 레이싱,cross_fan
I am looking for a team that is Young Driver Focus and Championship Winners.,레드불 레이싱,tag_based
I want to follow a team that is currently the strongest.,레드불 레이싱,narrative
I am looking for a team that is Ruthless Efficiency and Chassis Excellence.,레드불 레이싱,tag_based
I want to follow a team that is currently the strongest.,레드불 레이싱,narrative
I am looking for a team that is Adrian Newey and Max Verstappen.,레드불 레이싱,tag_based
I am looking for a team that is Controversial and Aggressive.,레드불 레이싱,tag_based
I am looking for a team that is Innovation and Max Verstappen.,레드불 레이싱,tag_based
I am looking for a team that is Innovation and Championship Winners.,레드불 레이싱,tag_based
I'm a huge fan of Kia Tigers. Is there a similar passionate F1 team?,레드불 레이싱,cross_fan
I am looking for a team that is Strategic Acumen and Aggressive.,레드불 레이싱,tag_based
I am looking for a team that is Adrian Newey and Strategic Acumen.,레드불 레이싱,tag_based
I want to follow a team that is currently the strongest.,레드불 레이싱,narrative
I am looking for a team that is Young Driver Focus and Boundary Pushing.,레드불 레이싱,tag_based
I am looking for a team that is High-Aero and Championship Winners.,레드불 레이싱,tag_based
I am looking for a team that is Strategic Acumen and Dominance.,레드불 레이싱,tag_based
I'm a huge fan of Man City. Is there a similar dominant F1 team?,레드불 레이싱,cross_fan
I'm a huge fan of Man City. Is there a similar dominant F1 team?,레드불 레이싱,cross_fan
I want to follow a team that is currently the strongest.,레드불 레이싱,narrative
I am looking for a team that is Max Verstappen and Championship Winners.,레드불 레이싱,tag_based
I want to follow a team that is currently the strongest.,레드불 레이싱,narrative
I'm a huge fan of Tottenham. Is there a similar underdog F1 team?,레드불 레이싱,cross_fan
I am looking for a team that is Ruthless Efficiency and Championship Winners.,레드불 레이싱,tag_based
I am looking for a team that is Aggressive and Adrian Newey.,레드불 레이싱,tag_based
I am looking for a team that is Strategic Acumen and Ruthless Efficiency.,레드불 레이싱,tag_based
I am looking for a team that is Energy Drink and Championship Winners.,레드불 레이싱,tag_based
I am looking for a team that is Ruthless Efficiency and Energy Drink.,레드불 레이싱,tag_based
I want to follow a team that is currently the strongest.,레드불 레이싱,narrative
I am looking for a team that is Max Verstappen and Controversial.,레드불 레이싱,tag_based
I want to follow a team that is currently the strongest.,레드불 레이싱,narrative
I am looking for a team that is Boundary Pushing and Ruthless Efficiency.,레드불 레이싱,tag_based
I want to follow a team that is currently the strongest.,레드불 레이싱,narrative
I am looking for a team that is Energy Drink and Innovation.,레드불 레이싱,tag_based
I'm a huge fan of Man City. Is there a similar dominant F1 team?,레드불 레이싱,cross_fan
I want to follow a team that is currently the strongest.,레드불 레이싱,narrative
I'm a huge fan of Tottenham. Is there a similar underdog F1 team?,레드불 레이싱,cross_fan
I want to follow a team that is currently the strongest.,레드불 레이싱,narrative
I am looking for a team that is Energy Drink and High-Aero.,레드불 레이싱,tag_based
I am looking for a team that is Max Verstappen and Young Driver Focus.,레드불 레이싱,tag_based
I am looking for a team that is Energy Drink and Championship Winners.,레드불 레이싱,tag_based
I am looking for a team that is Energy Drink and Financial Power.,레드불 레이싱,tag_based
I want to follow a team that is currently the strongest.,레드불 레이싱,narrative
I am looking for a team that is Financial Power and Boundary Pushing.,레드불 레이싱,tag_based
I am looking for a team that is Chassis Excellence and Max Verstappen.,레드불 레이싱,tag_based
I am looking for a team that is Strategic Acumen and Adrian Newey.,레드불 레이싱,tag_based
I am looking for a team that is Young Driver Focus and Controversial.,레드불 레이싱,tag_based
I am looking for a team that is High-Aero and Dominance.,레드불 레이싱,tag_based
I want to follow a team that is currently the strongest.,레드불 레이싱,narrative
I am looking for a team that is Dominance and Strategic Acumen.,레드불 레이싱,tag_based
I want to follow a team that is currently the strongest.,레드불 레이싱,narrative
I am looking for a team that is Aggressive and Young Driver Focus.,레드불 레이싱,tag_based
I'm a huge fan of Man City. Is there a similar dominant F1 team?,레드불 레이싱,cross_fan
I am looking for a team that is Controversial and Strategic Acumen.,레드불 레이싱,tag_based
I am looking for a team that is Financial Power and Max Verstappen.,레드불 레이싱,tag_based
I am looking for a team that is Boundary Pushing and Young Driver Focus.,레드불 레이싱,tag_based
I am looking for a team that is Championship Winners and Ruthless Efficiency.,레드불 레이싱,tag_based
I am looking for a team that is Boundary Pushing and Max Verstappen.,레드불 레이싱,tag_based
I'm a huge fan of Man City. Is there a similar dominant F1 team?,레드불 레이싱,cross_fan
I am looking for a team that is Strategic Acumen and Max Verstappen.,레드불 레이싱,tag_based
I am looking for a team that is Controversial and High-Aero.,레드불 레이싱,tag_based
I want to follow a team that is currently the strongest.,레드불 레이싱,narrative
I am looking for a team that is Aggressive and Dominance.,레드불 레이싱,tag_based
I am looking for a team that is Dominance and Boundary Pushing.,레드불 레이싱,tag_based
I am looking for a team that is Young Driver Focus and Chassis Excellence.,레드불 레이싱,tag_based
I am looking for a team that is Controversial and Chassis Excellence.,레드불 레이싱,tag_based
I am looking for a team that is Strategic Acumen and Aggressive.,레드불 레이싱,tag_based
I am looking for a team that is Chassis Excellence and Aggressive.,레드불 레이싱,tag_based
I am looking for a team that is Max Verstappen and Boundary Pushing.,레드불 레이싱,tag_based
I am looking for a team that is Ruthless Efficiency and Adrian Newey.,레드불 레이싱,tag_based
I am looking for a team that is Financial Power and Ruthless Efficiency.,레드불 레이싱,tag_based
I'm a huge fan of Kia Tigers. Is there a similar passionate F1 team?,레드불 레이싱,cross_fan
I am looking for a team that is Chassis Excellence and Young Driver Focus.,레드불 레이싱,tag_based
I want to follow a team that is currently the strongest.,레드불 레이싱,narrative
I am looking for a team that is Aggressive and Strategic Acumen.,레드불 레이싱,tag_based
I'm a huge fan of Kia Tigers. Is there a similar passionate F1 team?,레드불 레이싱,cross_fan
I'm a huge fan of Kia Tigers. Is there a similar passionate F1 team?,레드불 레이싱,cross_fan
I'm a huge fan of Kia Tigers. Is there a similar passionate F1 team?,레드불 레이싱,cross_fan
I am looking for a team that is Innovation and High-Aero.,레드불 레이싱,tag_based
I am looking for a team that is Adrian Newey and Championship Winners.,레드불 레이싱,tag_based
I am looking for a team that is Boundary Pushing and Energy Drink.,레드불 레이싱,tag_based
I want to follow a team that is currently the strongest.,레드불 레이싱,narrative
I am looking for a team that is High-Aero and Championship Winners.,레드불 레이싱,tag_based
I am looking for a team that is Max Verstappen and Aggressive.,레드불 레이싱,tag_based
I am looking for a team that is High-Aero and Innovation.,레드불 레이싱,tag_based
I want to follow a team that is currently the strongest.,레드불 레이싱,narrative
I'm a huge fan of Man City. Is there a similar dominant F1 team?,레드불 레이싱,cross_fan
I'm a huge fan of Man City. Is there a similar dominant F1 team?,레드불 레이싱,cross_fan
I am looking for a team that is Dominance and Financial Power.,레드불 레이싱,tag_based
I am looking for a team that is Max Verstappen and Financial Power.,레드불 레이싱,tag_based
I want to follow a team that is currently the strongest.,레드불 레이싱,narrative
I want to follow a team that is currently the strongest.,레드불 레이싱,narrative
I want to follow a team that is currently the strongest.,레드불 레이싱,narrative
I am looking for a team that is Chassis Excellence and Energy Drink.,레드불 레이싱,tag_based
I am looking for a team that is Dominance and Energy Drink.,레드불 레이싱,tag_based
I want to follow a team that is currently the strongest.,레드불 레이싱,narrative
I'm a huge fan of Tottenham. Is there a similar underdog F1 team?,레드불 레이싱,cross_fan
I am looking for a team that is Aggressive and Ruthless Efficiency.,레드불 레이싱,tag_based
I want to follow a team that is currently the strongest.,레드불 레이싱,narrative
I am looking for a team that is Max Verstappen and Controversial.,레드불 레이싱,tag_based
I am looking for a team that is Aggressive and Ruthless Efficiency.,레드불 레이싱,tag_based
I am looking for a team that is Controversial and Strategic Acumen.,레드불 레이싱,tag_based
I want to follow a team that is currently the strongest.,레드불 레이싱,narrative
I am looking for a team that is Strategic Acumen and Chassis Excellence.,레드불 레이싱,tag_based
I am looking for a team that is Boundary Pushing and Adrian Newey.,레드불 레이싱,tag_based
I am looking for a team that is Ruthless Efficiency and Championship Winners.,레드불 레이싱,tag_based
I am looking for a team that is Adrian Newey and Financial Power.,레드불 레이싱,tag_based
I am looking for a team that is Aggressive and Controversial.,레드불 레이싱,tag_based
I'm a huge fan of Kia Tigers. Is there a similar passionate F1 team?,레드불 레이싱,cross_fan
I am looking for a team that is Ruthless Efficiency and High-Aero.,레드불 레이싱,tag_based
I'm a huge fan of Man City. Is there a similar dominant F1 team?,레드불 레이싱,cross_fan
I want to follow a team that is currently the strongest.,레드불 레이싱,narrative
I'm a huge fan of Kia Tigers. Is there a similar passionate F1 team?,레드불 레이싱,cross_fan
I am looking for a team that is Energy Drink and Controversial.,레드불 레이싱,tag_based
I am looking for a team that is High-Aero and Strategic Acumen.,레드불 레이싱,tag_based
I'm a huge fan of Kia Tigers. Is there a similar passionate F1 team?,레드불 레이싱,cross_fan
I want to follow a team that is currently the strongest.,레드불 레이싱,narrative
I love a good underdog story. Which team should I support?,레이싱 불스,narrative
I am looking for a team that is Underdog_Spirit and Frequent_Driver_Swaps.,레이싱 불스,tag_based
I am looking for a team that is Rebranded_Identity and High_Variance_Performance.,레이싱 불스,tag_based
I'm a huge fan of Kia Tigers. Is there a similar passionate F1 team?,레이싱 불스,cross_fan
I love a good underdog story. Which team should I support?,레이싱 불스,narrative
I am looking for a team that is Frequent_Driver_Swaps and Driver_Development.,레이싱 불스,tag_based
I love a good underdog story. Which team should I support?,레이싱 불스,narrative
I love a good underdog story. Which team should I support?,레이싱 불스,narrative
I'm a huge fan of Kia Tigers. Is there a similar passionate F1 team?,레이싱 불스,cross_fan
I am looking for a team that is Frequent_Driver_Swaps and Faenza_Base.,레이싱 불스,tag_based
I love a good underdog story. Which team should I support?,레이싱 불스,narrative
I love a good underdog story. Which team should I support?,레이싱 불스,narrative
I love a good underdog story. Which team should I support?,레이싱 불스,narrative
I am looking for a team that is Component_Sharing and Midfield_Contender.,레이싱 불스,tag_based
I am looking for a team that is Opportunistic_Wins and High_Variance_Performance.,레이싱 불스,tag_based
I am looking for a team that is Opportunistic_Wins and Red_Bull_Ecosystem.,레이싱 불스,tag_based
I love a good underdog story. Which team should I support?,레이싱 불스,narrative
I am looking for a team that is Honda_Engine_Partner and Junior_Team.,레이싱 불스,tag_based
I love a good underdog story. Which team should I support?,레이싱 불스,narrative
I am looking for a team that is Underdog_Spirit and Youthful_Lineup.,레이싱 불스,tag_based
I am looking for a team that is Underdog_Spirit and Component_Sharing.,레이싱 불스,tag_based
I am looking for a team that is Rebranded_Identity and Youthful_Lineup.,레이싱 불스,tag_based
I'm a huge fan of Man City. Is there a similar dominant F1 team?,레이싱 불스,cross_fan
I am looking for a team that is High_Variance_Performance and Rebranded_Identity.,레이싱 불스,tag_based
I am looking for a team that is Youthful_Lineup and Talent_Incubator.,레이싱 불스,tag_based
I am looking for a team that is Opportunistic_Wins and Talent_Incubator.,레이싱 불스,tag_based
I am looking for a team that is Underdog_Spirit and High_Variance_Performance.,레이싱 불스,tag_based
I love a good underdog story. Which team should I support?,레이싱 불스,narrative
I am looking for a team that is Opportunistic_Wins and Honda_Engine_Partner.,레이싱 불스,tag_based
I am looking for a team that is Talent_Incubator and Youthful_Lineup.,레이싱 불스,tag_based
I love a good underdog story. Which team should I support?,레이싱 불스,narrative
I love a good underdog story. Which team should I support?,레이싱 불스,narrative
I am looking for a team that is Red_Bull_Ecosystem and High_Variance_Performance.,레이싱 불스,tag_based
I'm a huge fan of Kia Tigers. Is there a similar passionate F1 team?,레이싱 불스,cross_fan
I love a good underdog story. Which team should I support?,레이싱 불스,narrative
I am looking for a team that is Midfield_Contender and Opportunistic_Wins.,레이싱 불스,tag_based
I am looking for a team that is Youthful_Lineup and High_Variance_Performance.,레이싱 불스,tag_based
I love a good underdog story. Which team should I support?,레이싱 불스,narrative
I am looking for a team that is Red_Bull_Ecosystem and Midfield_Contender.,레이싱 불스,tag_based
I love a good underdog story. Which team should I support?,레이싱 불스,narrative
I am looking for a team that is Faenza_Base and High_Variance_Performance.,레이싱 불스,tag_based
I am looking for a team that is Component_Sharing and Rebranded_Identity.,레이싱 불스,tag_based
I love a good underdog story. Which team should I support?,레이싱 불스,narrative
I am looking for a team that is Driver_Development and Youthful_Lineup.,레이싱 불스,tag_based
I am looking for a team that is Talent_Incubator and Junior_Team.,레이싱 불스,tag_based
I am looking for a team that is Junior_Team and Component_Sharing.,레이싱 불스,tag_based
I am looking for a team that is Talent_Incubator and Aggressive_Strategy.,레이싱 불스,tag_based
I am looking for a team that is High_Variance_Performance and Rebranded_Identity.,레이싱 불스,tag_based
I love a good underdog story. Which team should I support?,레이싱 불스,narrative
I love a good underdog story. Which team should I support?,레이싱 불스,narrative
I'm a huge fan of Man City. Is there a similar dominant F1 team?,레이싱 불스,cross_fan
I am looking for a team that is Midfield_Contender and Talent_Incubator.,레이싱 불스,tag_based
I am looking for a team that is High_Variance_Performance and Faenza_Base.,레이싱 불스,tag_based
I am looking for a team that is High_Variance_Performance and Midfield_Contender.,레이싱 불스,tag_based
I'm a huge fan of Kia Tigers. Is there a similar passionate F1 team?,레이싱 불스,cross_fan
I am looking for a team that is Driver_Development and Honda_Engine_Partner.,레이싱 불스,tag_based
I love a good underdog story. Which team should I support?,레이싱 불스,narrative
I am looking for a team that is Component_Sharing and Youthful_Lineup.,레이싱 불스,tag_based
I'm a huge fan of Tottenham. Is there a similar underdog F1 team?,레이싱 불스,cross_fan
I love a good underdog story. Which team should I support?,레이싱 불스,narrative
I love a good underdog story. Which team should I support?,레이싱 불스,narrative
I am looking for a team that is High_Variance_Performance and Driver_Development.,레이싱 불스,tag_based
I'm a huge fan of Man City. Is there a similar dominant F1 team?,레이싱 불스,cross_fan
I am looking for a team that is Component_Sharing and Midfield_Contender.,레이싱 불스,tag_based
I am looking for a team that is Frequent_Driver_Swaps and High_Variance_Performance.,레이싱 불스,tag_based
I am looking for a team that is Junior_Team and Underdog_Spirit.,레이싱 불스,tag_based
I love a good underdog story. Which team should I support?,레이싱 불스,narrative
I love a good underdog story. Which team should I support?,레이싱 불스,narrative
I'm a huge fan of Tottenham. Is there a similar underdog F1 team?,레이싱 불스,cross_fan
I am looking for a team that is Junior_Team and Underdog_Spirit.,레이싱 불스,tag_based
I'm a huge fan of Tottenham. Is there a similar underdog F1 team?,레이싱 불스,cross_fan
I am looking for a team that is High_Variance_Performance and Driver_Development.,레이싱 불스,tag_based
I love a good underdog story. Which team should I support?,레이싱 불스,narrative
I love a good underdog story. Which team should I support?,레이싱 불스,narrative
I am looking for a team that is Honda_Engine_Partner and Rebranded_Identity.,레이싱 불스,tag_based
I am looking for a team that is Rebranded_Identity and Underdog_Spirit.,레이싱 불스,tag_based
I am looking for a team that is Junior_Team and Red_Bull_Ecosystem.,레이싱 불스,tag_based
I am looking for a team that is Red_Bull_Ecosystem and Underdog_Spirit.,레이싱 불스,tag_based
I love a good underdog story. Which team should I support?,레이싱 불스,narrative
I am looking for a team that is Rebranded_Identity and Honda_Engine_Partner.,레이싱 불스,tag_based
I love a good underdog story. Which team should I support?,레이싱 불스,narrative
I am looking for a team that is Driver_Development and Frequent_Driver_Swaps.,레이싱 불스,tag_based
I'm a huge fan of Man City. Is there a similar dominant F1 team?,레이싱 불스,cross_fan
I am looking for a team that is Honda_Engine_Partner and Opportunistic_Wins.,레이싱 불스,tag_based
I am looking for a team that is Junior_Team and Frequent_Driver_Swaps.,레이싱 불스,tag_based
I'm a huge fan of Kia Tigers. Is there a similar passionate F1 team?,레이싱 불스,cross_fan
I'm a huge fan of Tottenham. Is there a similar underdog F1 team?,레이싱 불스,cross_fan
I love a good underdog story. Which team should I support?,레이싱 불스,narrative
I am looking for a team that is Opportunistic_Wins and Youthful_Lineup.,레이싱 불스,tag_based
I love a good underdog story. Which team should I support?,레이싱 불스,narrative
I'm a huge fan of Man City. Is there a similar dominant F1 team?,레이싱 불스,cross_fan
I am looking for a team that is Aggressive_Strategy and Red_Bull_Ecosystem.,레이싱 불스,tag_based
I'm a huge fan of Kia Tigers. Is there a similar passionate F1 team?,레이싱 불스,cross_fan
I am looking for a team that is Underdog_Spirit and Opportunistic_Wins.,레이싱 불스,tag_based
I am looking for a team that is Junior_Team and Frequent_Driver_Swaps.,레이싱 불스,tag_based
I am looking for a team that is Component_Sharing and Faenza_Base.,레이싱 불스,tag_based
I am looking for a team that is Component_Sharing and Midfield_Contender.,레이싱 불스,tag_based
I am looking for a team that is Red_Bull_Ecosystem and Faenza_Base.,레이싱 불스,tag_based
I am looking for a team that is High_Variance_Performance and Youthful_Lineup.,레이싱 불스,tag_based
I am looking for a team that is Talent_Incubator and Faenza_Base.,레이싱 불스,tag_based
I am looking for a team that is Component_Sharing and Driver_Development.,레이싱 불스,tag_based
I am looking for a team that is Midfield_Contender and Rebranded_Identity.,레이싱 불스,tag_based
I am looking for a team that is Aggressive_Strategy and Junior_Team.,레이싱 불스,tag_based
I am looking for a team that is Underdog_Spirit and High_Variance_Performance.,레이싱 불스,tag_based
I love a good underdog story. Which team should I support?,레이싱 불스,narrative
I'm a huge fan of Tottenham. Is there a similar underdog F1 team?,레이싱 불스,cross_fan
I'm a huge fan of Kia Tigers. Is there a similar passionate F1 team?,레이싱 불스,cross_fan
I am looking for a team that is Opportunistic_Wins and Red_Bull_Ecosystem.,레이싱 불스,tag_based
I am looking for a team that is Rebranded_Identity and Youthful_Lineup.,레이싱 불스,tag_based
I am looking for a team that is Faenza_Base and Midfield_Contender.,레이싱 불스,tag_based
I am looking for a team that is Rebranded_Identity and Opportunistic_Wins.,레이싱 불스,tag_based
I love a good underdog story. Which team should I support?,레이싱 불스,narrative
I am looking for a team that is Junior_Team and Component_Sharing.,레이싱 불스,tag_based
I am looking for a team that is High_Variance_Performance and Youthful_Lineup.,레이싱 불스,tag_based
I am looking for a team that is Component_Sharing and Frequent_Driver_Swaps.,레이싱 불스,tag_based
I'm a huge fan of Tottenham. Is there a similar underdog F1 team?,레이싱 불스,cross_fan
I am looking for a team that is Honda_Engine_Partner and Opportunistic_Wins.,레이싱 불스,tag_based
I am looking for a team that is Frequent_Driver_Swaps and Component_Sharing.,레이싱 불스,tag_based
I am looking for a team that is Red_Bull_Ecosystem and Midfield_Contender.,레이싱 불스,tag_based
I am looking for a team that is Opportunistic_Wins and Underdog_Spirit.,레이싱 불스,tag_based
I am looking for a team that is Scuderia and ChampionshipChasers.,페라리,tag_based
I prefer a team with a long history and deep heritage.,페라리,narrative
I prefer a team with a long history and deep heritage.,페라리,narrative
I am looking for a team that is ItalianPride and EngineFocus.,페라리,tag_based
I'm a huge fan of Man City. Is there a similar dominant F1 team?,페라리,cross_fan
I am looking for a team that is Historical and Grandeur.,페라리,tag_based
I prefer a team with a long history and deep heritage.,페라리,narrative
I prefer a team with a long history and deep heritage.,페라리,narrative
I am looking for a team that is ChampionshipChasers and HighPressure.,페라리,tag_based
I am looking for a team that is Rollercoaster and PrancingHorse.,페라리,tag_based
I am looking for a team that is Scuderia and Grandeur.,페라리,tag_based
I am looking for a team that is Scuderia and ChampionshipChasers.,페라리,tag_based
I am looking for a team that is PrancingHorse and HighPressure.,페라리,tag_based
I am looking for a team that is StarMagnet and FlawedStrategy.,페라리,tag_based
I prefer a team with a long history and deep heritage.,페라리,narrative
I am looking for a team that is Grandeur and Maranello.,페라리,tag_based
I am looking for a team that is HighPressure and Historical.,페라리,tag_based
I prefer a team with a long history and deep heritage.,페라리,narrative
I prefer a team with a long history and deep heritage.,페라리,narrative
I am looking for a team that is Legacy and StarMagnet.,페라리,tag_based
I am looking for a team that is Scuderia and Rollercoaster.,페라리,tag_based
I am looking for a team that is Rollercoaster and Scuderia.,페라리,tag_based
I prefer a team with a long history and deep heritage.,페라리,narrative
I am looking for a team that is Legacy and PrancingHorse.,페라리,tag_based
I'm a huge fan of Kia Tigers. Is there a similar passionate F1 team?,페라리,cross_fan
I am looking for a team that is ChampionshipChasers and ItalianPride.,페라리,tag_based
I am looking for a team that is Legacy and PrancingHorse.,페라리,tag_based
I am looking for a team that is Scuderia and EngineFocus.,페라리,tag_based
I am looking for a team that is ChampionshipChasers and Tifosi.,페라리,tag_based
I prefer a team with a long history and deep heritage.,페라리,narrative
I am looking for a team that is ItalianPride and ChampionshipChasers.,페라리,tag_based
I'm a huge fan of Kia Tigers. Is there a similar passionate F1 team?,페라리,cross_fan
I am looking for a team that is Historical and PrancingHorse.,페라리,tag_based
I am looking for a team that is Legacy and Rollercoaster.,페라리,tag_based
I am looking for a team that is Grandeur and Rollercoaster.,페라리,tag_based
I am looking for a team that is Grandeur and Red.,페라리,tag_based
I'm a huge fan of Kia Tigers. Is there a similar passionate F1 team?,페라리,cross_fan
I am looking for a team that is Tifosi and Legacy.,페라리,tag_based
I am looking for a team that is Maranello and Legacy.,페라리,tag_based
I prefer a team with a long history and deep heritage.,페라리,narrative
I am looking for a team that is Historical and StarMagnet.,페라리,tag_based
I'm a huge fan of Man City. Is there a similar dominant F1 team?,페라리,cross_fan
I am looking for a team that is PrancingHorse and StarMagnet.,페라리,tag_based
I'm a huge fan of Tottenham. Is there a similar underdog F1 team?,페라리,cross_fan
I am looking for a team that is Grandeur and HighPressure.,페라리,tag_based
I am looking for a team that is Maranello and ChampionshipChasers.,페라리,tag_based
I prefer a team with a long history and deep heritage.,페라리,narrative
I am looking for a team that is PrancingHorse and ItalianPride.,페라리,tag_based
I am looking for a team that is Scuderia and Rollercoaster.,페라리,tag_based
I am looking for a team that is Scuderia and Maranello.,페라리,tag_based
I am looking for a team that is Rollercoaster and HighPressure.,페라리,tag_based
I prefer a team with a long history and deep heritage.,페라리,narrative
I'm a huge fan of Man City. Is there a similar dominant F1 team?,페라리,cross_fan
I'm a huge fan of Man City. Is there a similar dominant F1 team?,페라리,cross_fan
I'm a huge fan of Kia Tigers. Is there a similar passionate F1 team?,페라리,cross_fan
I prefer a team with a long history and deep heritage.,페라리,narrative
I am looking for a team that is ChampionshipChasers and PrancingHorse.,페라리,tag_based
I am looking for a team that is Legacy and Rollercoaster.,페라리,tag_based
I am looking for a team that is ItalianPride and Legacy.,페라리,tag_based
I am looking for a team that is Rollercoaster and EngineFocus.,페라리,tag_based
I'm a huge fan of Kia Tigers. Is there a similar passionate F1 team?,페라리,cross_fan
I am looking for a team that is StarMagnet and Rollercoaster.,페라리,tag_based
I am looking for a team that is ItalianPride and Legacy.,페라리,tag_based
I am looking for a team that is Rollercoaster and Historical.,페라리,tag_based
I am looking for a team that is HighPressure and Legacy.,페라리,tag_based
I am looking for a team that is PrancingHorse and FlawedStrategy.,페라리,tag_based
I prefer a team with a long history and deep heritage.,페라리,narrative
I am looking for a team that is Legacy and ItalianPride.,페라리,tag_based
I am looking for a team that is PrancingHorse and ItalianPride.,페라리,tag_based
I prefer a team with a long history and deep heritage.,페라리,narrative
I prefer a team with a long history and deep heritage.,페라리,narrative
I prefer a team with a long history and deep heritage.,페라리,narrative
I am looking for a team that is ItalianPride and FlawedStrategy.,페라리,tag_based
I prefer a team with a long history and deep heritage.,페라리,narrative
I'm a huge fan of Tottenham. Is there a similar underdog F1 team?,페라리,cross_fan
I prefer a team with a long history and deep heritage.,페라리,narrative
I am looking for a team that is StarMagnet and Scuderia.,페라리,tag_based
I am looking for a team that is Rollercoaster and Tifosi.,페라리,tag_based
I'm a huge fan of Kia Tigers. Is there a similar passionate F1 team?,페라리,cross_fan
I prefer a team with a long history and deep heritage.,페라리,narrative
I am looking for a team that is PrancingHorse and Scuderia.,페라리,tag_based
I prefer a team with a long history and deep heritage.,페라리,narrative
I am looking for a team that is Grandeur and Scuderia.,페라리,tag_based
I prefer a team with a long history and deep heritage.,페라리,narrative
I am looking for a team that is FlawedStrategy and EngineFocus.,페라리,tag_based
I am looking for a team that is Rollercoaster and Red.,페라리,tag_based
I am looking for a team that is Rollercoaster and EngineFocus.,페라리,tag_based
I prefer a team with a long history and deep heritage.,페라리,narrative
I am looking for a team that is Tifosi and Scuderia.,페라리,tag_based
I'm a huge fan of Man City. Is there a similar dominant F1 team?,페라리,cross_fan
I am looking for a team that is HighPressure and PrancingHorse.,페라리,tag_based
I prefer a team with a long history and deep heritage.,페라리,narrative
I am looking for a team that is Legacy and FlawedStrategy.,페라리,tag_based
I am looking for a team that is Historical and FlawedStrategy.,페라리,tag_based
I am looking for a team that is Tifosi and Red.,페라리,tag_based
I'm a huge fan of Man City. Is there a similar dominant F1 team?,페라리,cross_fan
I'm a huge fan of Kia Tigers. Is there a similar passionate F1 team?,페라리,cross_fan
I am looking for a team that is Scuderia and Red.,페라리,tag_based
I am looking for a team that is Historical and Scuderia.,페라리,tag_based
I am looking for a team that is Grandeur and Legacy.,페라리,tag_based
I prefer a team with a long history and deep heritage.,페라리,narrative
I am looking for a team that is Historical and FlawedStrategy.,페라리,tag_based
I am looking for a team that is Tifosi and Grandeur.,페라리,tag_based
I am looking for a team that is Rollercoaster and Legacy.,페라리,tag_based
I am looking for a team that is Red and HighPressure.,페라리,tag_based
I am looking for a team that is StarMagnet and Red.,페라리,tag_based
I prefer a team with a long history and deep heritage.,페라리,narrative
I am looking for a team that is Legacy and Tifosi.,페라리,tag_based
I prefer a team with a long history and deep heritage.,페라리,narrative
I'm a huge fan of Kia Tigers. Is there a similar passionate F1 team?,페라리,cross_fan
I prefer a team with a long history and deep heritage.,페라리,narrative
I am looking for a team that is HighPressure and Scuderia.,페라리,tag_based
I am looking for a team that is Tifosi and Maranello.,페라리,tag_based
I am looking for a team that is StarMagnet and EngineFocus.,페라리,tag_based
I prefer a team with a long history and deep heritage.,페라리,narrative
I am looking for a team that is Maranello and Historical.,페라리,tag_based
I am looking for a team that is Scuderia and Grandeur.,페라리,tag_based
I prefer a team with a long history and deep heritage.,페라리,narrative
I am looking for a team that is ItalianPride and Historical.,페라리,tag_based
I am looking for a team that is Grandeur and FlawedStrategy.,페라리,tag_based
I am looking for a team that is ChaosThemed and HighVariance.,하스,tag_based
I'm a huge fan of Tottenham. Is there a similar underdog F1 team?,하스,cross_fan
I am looking for a team that is TireStruggles and Opportunistic.,하스,tag_based
I am looking for a team that is CNCManufacturer and FerrariBTeam.,하스,tag_based
I'm a huge fan of Tottenham. Is there a similar underdog F1 team?,하스,cross_fan
I'm a huge fan of Kia Tigers. Is there a similar passionate F1 team?,하스,cross_fan
I'm a huge fan of Tottenham. Is there a similar underdog F1 team?,하스,cross_fan
I am looking for a team that is ChaosThemed and DramaticDebut.,하스,tag_based
I am looking for a team that is USARacingEntry and AmericanUnderdog.,하스,tag_based
I'm a huge fan of Tottenham. Is there a similar underdog F1 team?,하스,cross_fan
I'm a huge fan of Man City. Is there a similar dominant F1 team?,하스,cross_fan
I am looking for a team that is ChaosThemed and FerrariBTeam.,하스,tag_based
I am looking for a team that is Opportunistic and USARacingEntry.,하스,tag_based
I am looking for a team that is BudgetCapChallenges and DramaticDebut.,하스,tag_based
I'm a huge fan of Kia Tigers. Is there a similar passionate F1 team?,하스,cross_fan
I love a good underdog story. Which team should I support?,하스,narrative
I'm a huge fan of Kia Tigers. Is there a similar passionate F1 team?,하스,cross_fan
I am looking for a team that is AmericanUnderdog and MidfieldStrivers.,하스,tag_based
I am looking for a team that is AmericanUnderdog and ChaosThemed.,하스,tag_based
I'm a huge fan of Man City. Is there a similar dominant F1 team?,하스,cross_fan
I am looking for a team that is CNCManufacturer and MidfieldStrivers.,하스,tag_based
I am looking for a team that is GuentherSteinerLegacy and FerrariBTeam.,하스,tag_based
I'm a huge fan of Man City. Is there a similar dominant F1 team?,하스,cross_fan
I'm a huge fan of Man City. Is there a similar dominant F1 team?,하스,cross_fan
I am looking for a team that is BudgetCapChallenges and TireStruggles.,하스,tag_based
I am looking for a team that is TireStruggles and FerrariBTeam.,하스,tag_based
I'm a huge fan of Tottenham. Is there a similar underdog F1 team?,하스,cross_fan
I am looking for a team that is ChaosThemed and MidfieldStrivers.,하스,tag_based
I'm a huge fan of Man City. Is there a similar dominant F1 team?,하스,cross_fan
I am looking for a team that is Opportunistic and HighVariance.,하스,tag_based
I love a good underdog story. Which team should I support?,하스,narrative
I am looking for a team that is DramaticDebut and MidfieldStrivers.,하스,tag_based
I am looking for a team that is CNCManufacturer and Opportunistic.,하스,tag_based
I am looking for a team that is CNCManufacturer and FerrariBTeam.,하스,tag_based
I love a good underdog story. Which team should I support?,하스,narrative
I am looking for a team that is GuentherSteinerLegacy and BudgetCapChallenges.,하스,tag_based
I am looking for a team that is BudgetCapChallenges and FerrariBTeam.,하스,tag_based
I am looking for a team that is PolePositionShocker and TireStruggles.,하스,tag_based
I am looking for a team that is ScrappyFighter and Opportunistic.,하스,tag_based
I'm a huge fan of Tottenham. Is there a similar underdog F1 team?,하스,cross_fan
I'm a huge fan of Tottenham. Is there a similar underdog F1 team?,하스,cross_fan
I am looking for a team that is BudgetCapChallenges and CNCManufacturer.,하스,tag_based
I am looking for a team that is DramaticDebut and HighVariance.,하스,tag_based
I am looking for a team that is MidfieldStrivers and BudgetCapChallenges.,하스,tag_based
I am looking for a team that is ChaosThemed and BudgetCapChallenges.,하스,tag_based
I am looking for a team that is GuentherSteinerLegacy and USARacingEntry.,하스,tag_based
I am looking for a team that is TireStruggles and DramaticDebut.,하스,tag_based
I am looking for a team that is USARacingEntry and Opportunistic.,하스,tag_based
I am looking for a team that is ScrappyFighter and BudgetCapChallenges.,하스,tag_based
I love a good underdog story. Which team should I support?,하스,narrative
I love a good underdog story. Which team should I support?,하스,narrative
I am looking for a team that is DramaticDebut and DriveToSurviveStar.,하스,tag_based
I am looking for a team that is FerrariBTeam and PolePositionShocker.,하스,tag_based
I am looking for a team that is DramaticDebut and PolePositionShocker.,하스,tag_based
I am looking for a team that is ChaosThemed and CNCManufacturer.,하스,tag_based
I love a good underdog story. Which team should I support?,하스,narrative
I am looking for a team that is CNCManufacturer and MidfieldStrivers.,하스,tag_based
I love a good underdog story. Which team should I support?,하스,narrative
I am looking for a team that is Opportunistic and ScrappyFighter.,하스,tag_based
I am looking for a team that is USARacingEntry and PolePositionShocker.,하스,tag_based
I am looking for a team that is GuentherSteinerLegacy and HighVariance.,하스,tag_based
I am looking for a team that is FerrariBTeam and BudgetCapChallenges.,하스,tag_based
I am looking for a team that is AmericanUnderdog and ScrappyFighter.,하스,tag_based
I am looking for a team that is DriveToSurviveStar and ScrappyFighter.,하스,tag_based
I love a good underdog story. Which team should I support?,하스,narrative
I am looking for a team that is HighVariance and ChaosThemed.,하스,tag_based
I am looking for a team that is Opportunistic and CNCManufacturer.,하스,tag_based
I'm a huge fan of Kia Tigers. Is there a similar passionate F1 team?,하스,cross_fan
I am looking for a team that is ScrappyFighter and GuentherSteinerLegacy.,하스,tag_based
I am looking for a team that is MidfieldStrivers and CNCManufacturer.,하스,tag_based
I am looking for a team that is MidfieldStrivers and CNCManufacturer.,하스,tag_based
I am looking for a team that is MidfieldStrivers and USARacingEntry.,하스,tag_based
I love a good underdog story. Which team should I support?,하스,narrative
I love a good underdog story. Which team should I support?,하스,narrative
I love a good underdog story. Which team should I support?,하스,narrative
I am looking for a team that is TireStruggles and CNCManufacturer.,하스,tag_based
I love a good underdog story. Which team should I support?,하스,narrative
I am looking for a team that is GuentherSteinerLegacy and CNCManufacturer.,하스,tag_based
I love a good underdog story. Which team should I support?,하스,narrative
I am looking for a team that is BudgetCapChallenges and DramaticDebut.,하스,tag_based
I love a good underdog story. Which team should I support?,하스,narrative
I am looking for a team that is USARacingEntry and CNCManufacturer.,하스,tag_based
I'm a huge fan of Kia Tigers. Is there a similar passionate F1 team?,하스,cross_fan
I am looking for a team that is ScrappyFighter and TireStruggles.,하스,tag_based
I love a good underdog story. Which team should I support?,하스,narrative
I am looking for a team that is Opportunistic and TireStruggles.,하스,tag_based
I am looking for a team that is DriveToSurviveStar and ChaosThemed.,하스,tag_based
I am looking for a team that is MidfieldStrivers and DramaticDebut.,하스,tag_based
I am looking for a team that is TireStruggles and FerrariBTeam.,하스,tag_based
I am looking for a team that is USARacingEntry and Opportunistic.,하스,tag_based
I am looking for a team that is MidfieldStrivers and ScrappyFighter.,하스,tag_based
I am looking for a team that is TireStruggles and FerrariBTeam.,하스,tag_based
I am looking for a team that is AmericanUnderdog and HighVariance.,하스,tag_based
I am looking for a team that is CNCManufacturer and DriveToSurviveStar.,하스,tag_based
I'm a huge fan of Man City. Is there a similar dominant F1 team?,하스,cross_fan
I am looking for a team that is PolePositionShocker and GuentherSteinerLegacy.,하스,tag_based
I am looking for a team that is DramaticDebut and DriveToSurviveStar.,하스,tag_based
I am looking for a team that is HighVariance and ScrappyFighter.,하스,tag_based
I'm a huge fan of Kia Tigers. Is there a similar passionate F1 team?,하스,cross_fan
I am looking for a team that is DramaticDebut and BudgetCapChallenges.,하스,tag_based
I am looking for a team that is TireStruggles and HighVariance.,하스,tag_based
I love a good underdog story. Which team should I support?,하스,narrative
I am looking for a team that is ScrappyFighter and ChaosThemed.,하스,tag_based
I love a good underdog story. Which team should I support?,하스,narrative
I am looking for a team that is ChaosThemed and USARacingEntry.,하스,tag_based
I love a good underdog story. Which team should I support?,하스,narrative
I love a good underdog story. Which team should I support?,하스,narrative
I am looking for a team that is MidfieldStrivers and Opportunistic.,하스,tag_based
I am looking for a team that is GuentherSteinerLegacy and TireStruggles.,하스,tag_based
I am looking for a team that is USARacingEntry and HighVariance.,하스,tag_based
I'm a huge fan of Man City. Is there a similar dominant F1 team?,하스,cross_fan
I am looking for a team that is USARacingEntry and PolePositionShocker.,하스,tag_based
I am looking for a team that is CNCManufacturer and BudgetCapChallenges.,하스,tag_based
I love a good underdog story. Which team should I support?,하스,narrative
I am looking for a team that is BudgetCapChallenges and ChaosThemed.,하스,tag_based
I'm a huge fan of Man City. Is there a similar dominant F1 team?,하스,cross_fan
I am looking for a team that is Opportunistic and GuentherSteinerLegacy.,하스,tag_based
I love a good underdog story. Which team should I support?,하스,narrative
I am looking for a team that is ChaosThemed and AmericanUnderdog.,하스,tag_based
I love a good underdog story. Which team should I support?,하스,narrative
I am looking for a team that is PowerUnitDeficit and MidfieldBattler.,알핀,tag_based
I prefer a team with a long history and deep heritage.,알핀,narrative
I am looking for a team that is StrategicShift and RenaultRoots.,알핀,tag_based
I'm a huge fan of Tottenham. Is there a similar underdog F1 team?,알핀,cross_fan
I am looking for a team that is RenaultRoots and InternalTurmoil.,알핀,tag_based
I'm a huge fan of Tottenham. Is there a similar underdog F1 team?,알핀,cross_fan
I am looking for a team that is ControversialLeadership and EnstoneLegacy.,알핀,tag_based
I'm a huge fan of Man City. Is there a similar dominant F1 team?,알핀,cross_fan
I prefer a team with a long history and deep heritage.,알핀,narrative
I prefer a team with a long history and deep heritage.,알핀,narrative
I prefer a team with a long history and deep heritage.,알핀,narrative
I prefer a team with a long history and deep heritage.,알핀,narrative
I am looking for a team that is RenaultRoots and DriverDrama.,알핀,tag_based
I am looking for a team that is DoublePodiumMoments and EnstoneLegacy.,알핀,tag_based
I am looking for a team that is MidfieldBattler and FrenchHeritage.,알핀,tag_based
I prefer a team with a long history and deep heritage.,알핀,narrative
I am looking for a team that is ControversialLeadership and DriverDrama.,알핀,tag_based
I am looking for a team that is LongTermProject and StrategicShift.,알핀,tag_based
I am looking for a team that is PiastriSaga and FutureFocused.,알핀,tag_based
I am looking for a team that is RenaultRoots and InternalTurmoil.,알핀,tag_based
I'm a huge fan of Kia Tigers. Is there a similar passionate F1 team?,알핀,cross_fan
I'm a huge fan of Man City. Is there a similar dominant F1 team?,알핀,cross_fan
I'm a huge fan of Tottenham. Is there a similar underdog F1 team?,알핀,cross_fan
I am looking for a team that is FrenchHeritage and EnstoneLegacy.,알핀,tag_based
I am looking for a team that is TechnicalStruggles and LongTermProject.,알핀,tag_based
I prefer a team with a long history and deep heritage.,알핀,narrative
I am looking for a team that is PowerUnitDeficit and InternalTurmoil.,알핀,tag_based
I am looking for a team that is EnstoneLegacy and ControversialLeadership.,알핀,tag_based
I prefer a team with a long history and deep heritage.,알핀,narrative
I am looking for a team that is ControversialLeadership and FutureFocused.,알핀,tag_based
I am looking for a team that is MidfieldBattler and PowerUnitDeficit.,알핀,tag_based
I am looking for a team that is PiastriSaga and DriverDrama.,알핀,tag_based
I'm a huge fan of Man City. Is there a similar dominant F1 team?,알핀,cross_fan
I am looking for a team that is InternalTurmoil and ControversialLeadership.,알핀,tag_based
I am looking for a team that is ControversialLeadership and DoublePodiumMoments.,알핀,tag_based
I am looking for a team that is InconsistentPace and PowerUnitDeficit.,알핀,tag_based
I am looking for a team that is PiastriSaga and InconsistentPace.,알핀,tag_based
I am looking for a team that is PowerUnitDeficit and EnstoneLegacy.,알핀,tag_based
I am looking for a team that is PowerUnitDeficit and RenaultRoots.,알핀,tag_based
I prefer a team with a long history and deep heritage.,알핀,narrative
I prefer a team with a long history and deep heritage.,알핀,narrative
I prefer a team with a long history and deep heritage.,알핀,narrative
I'm a huge fan of Tottenham. Is there a similar underdog F1 team?,알핀,cross_fan
I prefer a team with a long history and deep heritage.,알핀,narrative
I am looking for a team that is ControversialLeadership and RenaultRoots.,알핀,tag_based
I prefer a team with a long history and deep heritage.,알핀,narrative
I am looking for a team that is FrenchHeritage and InternalTurmoil.,알핀,tag_based
I prefer a team with a long history and deep heritage.,알핀,narrative
I am looking for a team that is PowerUnitDeficit and EnstoneLegacy.,알핀,tag_based
I am looking for a team that is FutureFocused and ControversialLeadership.,알핀,tag_based
I prefer a team with a long history and deep heritage.,알핀,narrative
I am looking for a team that is PiastriSaga and InconsistentPace.,알핀,tag_based
I'm a huge fan of Man City. Is there a similar dominant F1 team?,알핀,cross_fan
I am looking for a team that is LongTermProject and DoublePodiumMoments.,알핀,tag_based
I am looking for a team that is EnstoneLegacy and InconsistentPace.,알핀,tag_based
I prefer a team with a long history and deep heritage.,알핀,narrative
I prefer a team with a long history and deep heritage.,알핀,narrative
I am looking for a team that is RenaultRoots and PowerUnitDeficit.,알핀,tag_based
I prefer a team with a long history and deep heritage.,알핀,narrative
I am looking for a team that is RenaultRoots and FrenchHeritage.,알핀,tag_based
I am looking for a team that is EnstoneLegacy and FrenchHeritage.,알핀,tag_based
I'm a huge fan of Man City. Is there a similar dominant F1 team?,알핀,cross_fan
I am looking for a team that is InternalTurmoil and ControversialLeadership.,알핀,tag_based
I prefer a team with a long history and deep heritage.,알핀,narrative
I prefer a team with a long history and deep heritage.,알핀,narrative
I prefer a team with a long history and deep heritage.,알핀,narrative
I prefer a team with a long history and deep heritage.,알핀,narrative
I am looking for a team that is StrategicShift and DoublePodiumMoments.,알핀,tag_based
I am looking for a team that is PiastriSaga and TechnicalStruggles.,알핀,tag_based
I am looking for a team that is RenaultRoots and ControversialLeadership.,알핀,tag_based
I am looking for a team that is PiastriSaga and DoublePodiumMoments.,알핀,tag_based
I am looking for a team that is MidfieldBattler and ControversialLeadership.,알핀,tag_based
I prefer a team with a long history and deep heritage.,알핀,narrative
I am looking for a team that is TechnicalStruggles and PowerUnitDeficit.,알핀,tag_based
I prefer a team with a long history and deep heritage.,알핀,narrative
I am looking for a team that is PowerUnitDeficit and EnstoneLegacy.,알핀,tag_based
I am looking for a team that is StrategicShift and PiastriSaga.,알핀,tag_based
I am looking for a team that is EnstoneLegacy and RenaultRoots.,알핀,tag_based
I prefer a team with a long history and deep heritage.,알핀,narrative
I am looking for a team that is EnstoneLegacy and MidfieldBattler.,알핀,tag_based
I am looking for a team that is StrategicShift and EnstoneLegacy.,알핀,tag_based
I am looking for a team that is PowerUnitDeficit and LongTermProject.,알핀,tag_based
I'm a huge fan of Kia Tigers. Is there a similar passionate F1 team?,알핀,cross_fan
I am looking for a team that is StrategicShift and DriverDrama.,알핀,tag_based
I'm a huge fan of Kia Tigers. Is there a similar passionate F1 team?,알핀,cross_fan
I am looking for a team that is TechnicalStruggles and LongTermProject.,알핀,tag_based
I am looking for a team that is MidfieldBattler and PowerUnitDeficit.,알핀,tag_based
I am looking for a team that is PowerUnitDeficit and StrategicShift.,알핀,tag_based
I am looking for a team that is InconsistentPace and FrenchHeritage.,알핀,tag_based
I prefer a team with a long history and deep heritage.,알핀,narrative
I am looking for a team that is ControversialLeadership and FrenchHeritage.,알핀,tag_based
I'm a huge fan of Kia Tigers. Is there a similar passionate F1 team?,알핀,cross_fan
I prefer a team with a long history and deep heritage.,알핀,narrative
I am looking for a team that is LongTermProject and PiastriSaga.,알핀,tag_based
I am looking for a team that is DoublePodiumMoments and FutureFocused.,알핀,tag_based
I'm a huge fan of Tottenham. Is there a similar underdog F1 team?,알핀,cross_fan
I am looking for a team that is DoublePodiumMoments and PiastriSaga.,알핀,tag_based
I'm a huge fan of Kia Tigers. Is there a similar passionate F1 team?,알핀,cross_fan
I am looking for a team that is PowerUnitDeficit and TechnicalStruggles.,알핀,tag_based
I'm a huge fan of Man City. Is there a similar dominant F1 team?,알핀,cross_fan
I am looking for a team that is TechnicalStruggles and FutureFocused.,알핀,tag_based
I prefer a team with a long history and deep heritage.,알핀,narrative
I am looking for a team that is FrenchHeritage and StrategicShift.,알핀,tag_based
I prefer a team with a long history and deep heritage.,알핀,narrative
I am looking for a team that is PiastriSaga and InconsistentPace.,알핀,tag_based
I am looking for a team that is FutureFocused and InternalTurmoil.,알핀,tag_based
I am looking for a team that is InternalTurmoil and PiastriSaga.,알핀,tag_based
I am looking for a team that is TechnicalStruggles and DoublePodiumMoments.,알핀,tag_based
I am looking for a team that is TechnicalStruggles and LongTermProject.,알핀,tag_based
I am looking for a team that is PowerUnitDeficit and FrenchHeritage.,알핀,tag_based
I prefer a team with a long history and deep heritage.,알핀,narrative
I am looking for a team that is DriverDrama and DoublePodiumMoments.,알핀,tag_based
I am looking for a team that is RenaultRoots and PowerUnitDeficit.,알핀,tag_based
I prefer a team with a long history and deep heritage.,알핀,narrative
I am looking for a team that is FutureFocused and LongTermProject.,알핀,tag_based
I am looking for a team that is DoublePodiumMoments and EnstoneLegacy.,알핀,tag_based
I am looking for a team that is DriverDrama and InconsistentPace.,알핀,tag_based
I'm a huge fan of Tottenham. Is there a similar underdog F1 team?,알핀,cross_fan
I prefer a team with a long history and deep heritage.,알핀,narrative
I am looking for a team that is PowerUnitDeficit and LongTermProject.,알핀,tag_based
I am looking for a team that is HighInvestment and DevelopmentalStruggle.,애스턴 마틴,tag_based
I am looking for a team that is VeteranStar and RapidAscent.,애스턴 마틴,tag_based
I am looking for a team that is DevelopmentalStruggle and RapidAscent.,애스턴 마틴,tag_based
I am looking for a team that is HondaWorksTeam and RapidAscent.,애스턴 마틴,tag_based
I am looking for a team that is RapidAscent and AdrianNeweyEffect.,애스턴 마틴,tag_based
I am looking for a team that is RapidAscent and MidfieldAspirant.,애스턴 마틴,tag_based
I'm a huge fan of Man City. Is there a similar dominant F1 team?,애스턴 마틴,cross_fan
I love a good underdog story. Which team should I support?,애스턴 마틴,narrative
I love a good underdog story. Which team should I support?,애스턴 마틴,narrative
I am looking for a team that is AggressiveRecruitment and DevelopmentalStruggle.,애스턴 마틴,tag_based
I'm a huge fan of Man City. Is there a similar dominant F1 team?,애스턴 마틴,cross_fan
I am looking for a team that is VeteranStar and LawrenceStroll.,애스턴 마틴,tag_based
I love a good underdog story. Which team should I support?,애스턴 마틴,narrative
I am looking for a team that is HighInvestment and VeteranStar.,애스턴 마틴,tag_based
I love a good underdog story. Which team should I support?,애스턴 마틴,narrative
I am looking for a team that is HondaWorksTeam and Ambition.,애스턴 마틴,tag_based
I am looking for a team that is LawrenceStroll and FernandoAlonso.,애스턴 마틴,tag_based
I am looking for a team that is HondaWorksTeam and Ambition.,애스턴 마틴,tag_based
I am looking for a team that is HighInvestment and Ambition.,애스턴 마틴,tag_based
I am looking for a team that is RapidAscent and Ambition.,애스턴 마틴,tag_based
I love a good underdog story. Which team should I support?,애스턴 마틴,narrative
I'm a huge fan of Man City. Is there a similar dominant F1 team?,애스턴 마틴,cross_fan
I love a good underdog story. Which team should I support?,애스턴 마틴,narrative
I am looking for a team that is Ambition and DevelopmentalStruggle.,애스턴 마틴,tag_based
I am looking for a team that is DevelopmentalStruggle and LuxuryHeritage.,애스턴 마틴,tag_based
I am looking for a team that is MidfieldAspirant and HondaWorksTeam.,애스턴 마틴,tag_based
I am looking for a team that is VeteranStar and RapidAscent.,애스턴 마틴,tag_based
I'm a huge fan of Kia Tigers. Is there a similar passionate F1 team?,애스턴 마틴,cross_fan
I love a good underdog story. Which team should I support?,애스턴 마틴,narrative
I am looking for a team that is Challenger and LuxuryHeritage.,애스턴 마틴,tag_based
I am looking for a team that is FernandoAlonso and AggressiveRecruitment.,애스턴 마틴,tag_based
I love a good underdog story. Which team should I support?,애스턴 마틴,narrative
I'm a huge fan of Kia Tigers. Is there a similar passionate F1 team?,애스턴 마틴,cross_fan
I am looking for a team that is RapidAscent and MidfieldAspirant.,애스턴 마틴,tag_based
I am looking for a team that is MidfieldAspirant and AggressiveRecruitment.,애스턴 마틴,tag_based
I am looking for a team that is HondaWorksTeam and BritishRacingGreen.,애스턴 마틴,tag_based
I am looking for a team that is MidfieldAspirant and AggressiveRecruitment.,애스턴 마틴,tag_based
I am looking for a team that is AdrianNeweyEffect and StateOfTheArtFacility.,애스턴 마틴,tag_based
I am looking for a team that is Ambition and StateOfTheArtFacility.,애스턴 마틴,tag_based
I am looking for a team that is LuxuryHeritage and MidfieldAspirant.,애스턴 마틴,tag_based
I am looking for a team that is BritishRacingGreen and Challenger.,애스턴 마틴,tag_based
I love a good underdog story. Which team should I support?,애스턴 마틴,narrative
I am looking for a team that is Challenger and AdrianNeweyEffect.,애스턴 마틴,tag_based
I am looking for a team that is LuxuryHeritage and Ambition.,애스턴 마틴,tag_based
I'm a huge fan of Kia Tigers. Is there a similar passionate F1 team?,애스턴 마틴,cross_fan
I am looking for a team that is BritishRacingGreen and DevelopmentalStruggle.,애스턴 마틴,tag_based
I am looking for a team that is FernandoAlonso and LuxuryHeritage.,애스턴 마틴,tag_based
I am looking for a team that is HighInvestment and RapidAscent.,애스턴 마틴,tag_based
I am looking for a team that is AdrianNeweyEffect and DevelopmentalStruggle.,애스턴 마틴,tag_based
I am looking for a team that is LawrenceStroll and HondaWorksTeam.,애스턴 마틴,tag_based
I am looking for a team that is HighInvestment and Ambition.,애스턴 마틴,tag_based
I'm a huge fan of Kia Tigers. Is there a similar passionate F1 team?,애스턴 마틴,cross_fan
I am looking for a team that is VeteranStar and Challenger.,애스턴 마틴,tag_based
I am looking for a team that is HondaWorksTeam and AggressiveRecruitment.,애스턴 마틴,tag_based
I am looking for a team that is LuxuryHeritage and LawrenceStroll.,애스턴 마틴,tag_based
I love a good underdog story. Which team should I support?,애스턴 마틴,narrative
I am looking for a team that is LawrenceStroll and Ambition.,애스턴 마틴,tag_based
I love a good underdog story. Which team should I support?,애스턴 마틴,narrative
I'm a huge fan of Tottenham. Is there a similar underdog F1 team?,애스턴 마틴,cross_fan
I am looking for a team that is AggressiveRecruitment and BritishRacingGreen.,애스턴 마틴,tag_based
I am looking for a team that is LuxuryHeritage and DevelopmentalStruggle.,애스턴 마틴,tag_based
I love a good underdog story. Which team should I support?,애스턴 마틴,narrative
I am looking for a team that is MidfieldAspirant and Challenger.,애스턴 마틴,tag_based
I'm a huge fan of Man City. Is there a similar dominant F1 team?,애스턴 마틴,cross_fan
I'm a huge fan of Man City. Is there a similar dominant F1 team?,애스턴 마틴,cross_fan
I love a good underdog story. Which team should I support?,애스턴 마틴,narrative
I'm a huge fan of Man City. Is there a similar dominant F1 team?,애스턴 마틴,cross_fan
I am looking for a team that is StateOfTheArtFacility and AdrianNeweyEffect.,애스턴 마틴,tag_based
I am looking for a team that is LawrenceStroll and MidfieldAspirant.,애스턴 마틴,tag_based
I love a good underdog story. Which team should I support?,애스턴 마틴,narrative
I love a good underdog story. Which team should I support?,애스턴 마틴,narrative
I love a good underdog story. Which team should I support?,애스턴 마틴,narrative
I love a good underdog story. Which team should I support?,애스턴 마틴,narrative
I am looking for a team that is FernandoAlonso and LuxuryHeritage.,애스턴 마틴,tag_based
I'm a huge fan of Tottenham. Is there a similar underdog F1 team?,애스턴 마틴,cross_fan
I'm a huge fan of Kia Tigers. Is there a similar passionate F1 team?,애스턴 마틴,cross_fan
I love a good underdog story. Which team should I support?,애스턴 마틴,narrative
I am looking for a team that is LuxuryHeritage and AdrianNeweyEffect.,애스턴 마틴,tag_based
I love a good underdog story. Which team should I support?,애스턴 마틴,narrative
I am looking for a team that is DevelopmentalStruggle and StateOfTheArtFacility.,애스턴 마틴,tag_based
I love a good underdog story. Which team should I support?,애스턴 마틴,narrative
I am looking for a team that is MidfieldAspirant and LawrenceStroll.,애스턴 마틴,tag_based
I am looking for a team that is DevelopmentalStruggle and AggressiveRecruitment.,애스턴 마틴,tag_based
I love a good underdog story. Which team should I support?,애스턴 마틴,narrative
I love a good underdog story. Which team should I support?,애스턴 마틴,narrative
I am looking for a team that is RapidAscent and AdrianNeweyEffect.,애스턴 마틴,tag_based
I am looking for a team that is MidfieldAspirant and StateOfTheArtFacility.,애스턴 마틴,tag_based
I am looking for a team that is AdrianNeweyEffect and Challenger.,애스턴 마틴,tag_based
I love a good underdog story. Which team should I support?,애스턴 마틴,narrative
I love a good underdog story. Which team should I support?,애스턴 마틴,narrative
I am looking for a team that is VeteranStar and Challenger.,애스턴 마틴,tag_based
I love a good underdog story. Which team should I support?,애스턴 마틴,narrative
I am looking for a team that is MidfieldAspirant and LuxuryHeritage.,애스턴 마틴,tag_based
I am looking for a team that is Ambition and HondaWorksTeam.,애스턴 마틴,tag_based
I'm a huge fan of Tottenham. Is there a similar underdog F1 team?,애스턴 마틴,cross_fan
I am looking for a team that is VeteranStar and Ambition.,애스턴 마틴,tag_based
I love a good underdog story. Which team should I support?,애스턴 마틴,narrative
I am looking for a team that is LawrenceStroll and VeteranStar.,애스턴 마틴,tag_based
I love a good underdog story. Which team should I support?,애스턴 마틴,narrative
I love a good underdog story. Which team should I support?,애스턴 마틴,narrative
I love a good underdog story. Which team should I support?,애스턴 마틴,narrative
I'm a huge fan of Tottenham. Is there a similar underdog F1 team?,애스턴 마틴,cross_fan
I am looking for a team that is StateOfTheArtFacility and VeteranStar.,애스턴 마틴,tag_based
I am looking for a team that is FernandoAlonso and StateOfTheArtFacility.,애스턴 마틴,tag_based
I'm a huge fan of Kia Tigers. Is there a similar passionate F1 team?,애스턴 마틴,cross_fan
I am looking for a team that is FernandoAlonso and LawrenceStroll.,애스턴 마틴,tag_based
I love a good underdog story. Which team should I support?,애스턴 마틴,narrative
I love a good underdog story. Which team should I support?,애스턴 마틴,narrative
I am looking for a team that is MidfieldAspirant and RapidAscent.,애스턴 마틴,tag_based
I am looking for a team that is AdrianNeweyEffect and HondaWorksTeam.,애스턴 마틴,tag_based
I love a good underdog story. Which team should I support?,애스턴 마틴,narrative
I love a good underdog story. Which team should I support?,애스턴 마틴,narrative
I love a good underdog story. Which team should I support?,애스턴 마틴,narrative
I love a good underdog story. Which team should I support?,애스턴 마틴,narrative
I'm a huge fan of Tottenham. Is there a similar underdog F1 team?,애스턴 마틴,cross_fan
I am looking for a team that is RapidAscent and BritishRacingGreen.,애스턴 마틴,tag_based
I am looking for a team that is AdrianNeweyEffect and FernandoAlonso.,애스턴 마틴,tag_based
I am looking for a team that is AggressiveRecruitment and HighInvestment.,애스턴 마틴,tag_based
I am looking for a team that is DevelopmentalStruggle and HondaWorksTeam.,애스턴 마틴,tag_based
I am looking for a team that is RapidAscent and HighInvestment.,애스턴 마틴,tag_based
I am looking for a team that is Legacy and Underdog.,윌리엄스 레이싱,tag_based
I love a good underdog story. Which team should I support?,윌리엄스 레이싱,narrative
I am looking for a team that is FrankWilliamsVision and Resilience.,윌리엄스 레이싱,tag_based
I am looking for a team that is RecentRebuild and StrugglingGiant.,윌리엄스 레이싱,tag_based
I am looking for a team that is MercedesPowerUnit and Underdog.,윌리엄스 레이싱,tag_based
I love a good underdog story. Which team should I support?,윌리엄스 레이싱,narrative
I am looking for a team that is StrugglingGiant and Underdog.,윌리엄스 레이싱,tag_based
I am looking for a team that is Resilience and FrankWilliamsVision.,윌리엄스 레이싱,tag_based
I am looking for a team that is EngineeringProwess and MercedesPowerUnit.,윌리엄스 레이싱,tag_based
I am looking for a team that is DriverDevelopment and PrivateerSpirit.,윌리엄스 레이싱,tag_based
I'm a huge fan of Man City. Is there a similar dominant F1 team?,윌리엄스 레이싱,cross_fan
I am looking for a team that is SpeedTrapKing and DriverDevelopment.,윌리엄스 레이싱,tag_based
I'm a huge fan of Kia Tigers. Is there a similar passionate F1 team?,윌리엄스 레이싱,cross_fan
I love a good underdog story. Which team should I support?,윌리엄스 레이싱,narrative
I love a good underdog story. Which team should I support?,윌리엄스 레이싱,narrative
I am looking for a team that is DriverDevelopment and Legacy.,윌리엄스 레이싱,tag_based
I love a good underdog story. Which team should I support?,윌리엄스 레이싱,narrative
I am looking for a team that is StrugglingGiant and ChampionshipHistory.,윌리엄스 레이싱,tag_based
I love a good underdog story. Which team should I support?,윌리엄스 레이싱,narrative
I am looking for a team that is FrankWilliamsVision and StrugglingGiant.,윌리엄스 레이싱,tag_based
I'm a huge fan of Kia Tigers. Is there a similar passionate F1 team?,윌리엄스 레이싱,cross_fan
I am looking for a team that is Heritage and ChampionshipHistory.,윌리엄스 레이싱,tag_based
I am looking for a team that is ChampionshipHistory and FrankWilliamsVision.,윌리엄스 레이싱,tag_based
I'm a huge fan of Tottenham. Is there a similar underdog F1 team?,윌리엄스 레이싱,cross_fan
I love a good underdog story. Which team should I support?,윌리엄스 레이싱,narrative
I'm a huge fan of Tottenham. Is there a similar underdog F1 team?,윌리엄스 레이싱,cross_fan
I am looking for a team that is MercedesPowerUnit and ChampionshipHistory.,윌리엄스 레이싱,tag_based
I am looking for a team that is Underdog and FrankWilliamsVision.,윌리엄스 레이싱,tag_based
I am looking for a team that is Heritage and EngineeringProwess.,윌리엄스 레이싱,tag_based
I am looking for a team that is FrankWilliamsVision and EngineeringProwess.,윌리엄스 레이싱,tag_based
I am looking for a team that is LowBudgetAchiever and Heritage.,윌리엄스 레이싱,tag_based
I am looking for a team that is RecentRebuild and LowBudgetAchiever.,윌리엄스 레이싱,tag_based
I am looking for a team that is PrivateerSpirit and Legacy.,윌리엄스 레이싱,tag_based
I am looking for a team that is RecentRebuild and Heritage.,윌리엄스 레이싱,tag_based
I am looking for a team that is Resilience and ChampionshipHistory.,윌리엄스 레이싱,tag_based
I love a good underdog story. Which team should I support?,윌리엄스 레이싱,narrative
I love a good underdog story. Which team should I support?,윌리엄스 레이싱,narrative
I am looking for a team that is RecentRebuild and DriverDevelopment.,윌리엄스 레이싱,tag_based
I am looking for a team that is Heritage and Resilience.,윌리엄스 레이싱,tag_based
I love a good underdog story. Which team should I support?,윌리엄스 레이싱,narrative
I am looking for a team that is Heritage and ChampionshipHistory.,윌리엄스 레이싱,tag_based
I am looking for a team that is StrugglingGiant and Resilience.,윌리엄스 레이싱,tag_based
I am looking for a team that is EngineeringProwess and MercedesPowerUnit.,윌리엄스 레이싱,tag_based
I am looking for a team that is SpeedTrapKing and LowBudgetAchiever.,윌리엄스 레이싱,tag_based
I am looking for a team that is SpeedTrapKing and DriverDevelopment.,윌리엄스 레이싱,tag_based
I love a good underdog story. Which team should I support?,윌리엄스 레이싱,narrative
I am looking for a team that is EngineeringProwess and PrivateerSpirit.,윌리엄스 레이싱,tag_based
I love a good underdog story. Which team should I support?,윌리엄스 레이싱,narrative
I'm a huge fan of Tottenham. Is there a similar underdog F1 team?,윌리엄스 레이싱,cross_fan
I am looking for a team that is SpeedTrapKing and ChampionshipHistory.,윌리엄스 레이싱,tag_based
I am looking for a team that is BritishInstitution and ChampionshipHistory.,윌리엄스 레이싱,tag_based
I love a good underdog story. Which team should I support?,윌리엄스 레이싱,narrative
I am looking for a team that is Heritage and Legacy.,윌리엄스 레이싱,tag_based
I love a good underdog story. Which team should I support?,윌리엄스 레이싱,narrative
I am looking for a team that is EngineeringProwess and RecentRebuild.,윌리엄스 레이싱,tag_based
I'm a huge fan of Tottenham. Is there a similar underdog F1 team?,윌리엄스 레이싱,cross_fan
I am looking for a team that is EngineeringProwess and DriverDevelopment.,윌리엄스 레이싱,tag_based
I am looking for a team that is RecentRebuild and MercedesPowerUnit.,윌리엄스 레이싱,tag_based
I love a good underdog story. Which team should I support?,윌리엄스 레이싱,narrative
I am looking for a team that is Underdog and PrivateerSpirit.,윌리엄스 레이싱,tag_based
I love a good underdog story. Which team should I support?,윌리엄스 레이싱,narrative
I am looking for a team that is FrankWilliamsVision and Resilience.,윌리엄스 레이싱,tag_based
I am looking for a team that is Heritage and Legacy.,윌리엄스 레이싱,tag_based
I am looking for a team that is RecentRebuild and BritishInstitution.,윌리엄스 레이싱,tag_based
I am looking for a team that is Heritage and PrivateerSpirit.,윌리엄스 레이싱,tag_based
I'm a huge fan of Tottenham. Is there a similar underdog F1 team?,윌리엄스 레이싱,cross_fan
I am looking for a team that is BritishInstitution and Resilience.,윌리엄스 레이싱,tag_based
I am looking for a team that is Heritage and ChampionshipHistory.,윌리엄스 레이싱,tag_based
I love a good underdog story. Which team should I support?,윌리엄스 레이싱,narrative
I'm a huge fan of Tottenham. Is there a similar underdog F1 team?,윌리엄스 레이싱,cross_fan
I love a good underdog story. Which team should I support?,윌리엄스 레이싱,narrative
I am looking for a team that is EngineeringProwess and SpeedTrapKing.,윌리엄스 레이싱,tag_based
I'm a huge fan of Tottenham. Is there a similar underdog F1 team?,윌리엄스 레이싱,cross_fan
I am looking for a team that is Underdog and BritishInstitution.,윌리엄스 레이싱,tag_based
I'm a huge fan of Tottenham. Is there a similar underdog F1 team?,윌리엄스 레이싱,cross_fan
I am looking for a team that is Underdog and DriverDevelopment.,윌리엄스 레이싱,tag_based
I am looking for a team that is Heritage and DriverDevelopment.,윌리엄스 레이싱,tag_based
I am looking for a team that is BritishInstitution and LowBudgetAchiever.,윌리엄스 레이싱,tag_based
I am looking for a team that is SpeedTrapKing and Heritage.,윌리엄스 레이싱,tag_based
I'm a huge fan of Tottenham. Is there a similar underdog F1 team?,윌리엄스 레이싱,cross_fan
I am looking for a team that is Underdog and LowBudgetAchiever.,윌리엄스 레이싱,tag_based
I'm a huge fan of Man City. Is there a similar dominant F1 team?,윌리엄스 레이싱,cross_fan
I am looking for a team that is Underdog and Heritage.,윌리엄스 레이싱,tag_based
I love a good underdog story. Which team should I support?,윌리엄스 레이싱,narrative
I am looking for a team that is DriverDevelopment and ChampionshipHistory.,윌리엄스 레이싱,tag_based
I'm a huge fan of Tottenham. Is there a similar underdog F1 team?,윌리엄스 레이싱,cross_fan
I am looking for a team that is RecentRebuild and Legacy.,윌리엄스 레이싱,tag_based
I am looking for a team that is ChampionshipHistory and MercedesPowerUnit.,윌리엄스 레이싱,tag_based
I love a good underdog story. Which team should I support?,윌리엄스 레이싱,narrative
I am looking for a team that is Heritage and LowBudgetAchiever.,윌리엄스 레이싱,tag_based
I'm a huge fan of Man City. Is there a similar dominant F1 team?,윌리엄스 레이싱,cross_fan
I'm a huge fan of Man City. Is there a similar dominant F1 team?,윌리엄스 레이싱,cross_fan
I am looking for a team that is Legacy and Resilience.,윌리엄스 레이싱,tag_based
I am looking for a team that is Legacy and DriverDevelopment.,윌리엄스 레이싱,tag_based
I am looking for a team that is StrugglingGiant and Underdog.,윌리엄스 레이싱,tag_based
I'm a huge fan of Kia Tigers. Is there a similar passionate F1 team?,윌리엄스 레이싱,cross_fan
I love a good underdog story. Which team should I support?,윌리엄스 레이싱,narrative
I'm a huge fan of Man City. Is there a similar dominant F1 team?,윌리엄스 레이싱,cross_fan
I'm a huge fan of Tottenham. Is there a similar underdog F1 team?,윌리엄스 레이싱,cross_fan
I'm a huge fan of Kia Tigers. Is there a similar passionate F1 team?,윌리엄스 레이싱,cross_fan
I love a good underdog story. Which team should I support?,윌리엄스 레이싱,narrative
I am looking for a team that is Underdog and MercedesPowerUnit.,윌리엄스 레이싱,tag_based
I love a good underdog story. Which team should I support?,윌리엄스 레이싱,narrative
I am looking for a team that is DriverDevelopment and PrivateerSpirit.,윌리엄스 레이싱,tag_based
I'm a huge fan of Kia Tigers. Is there a similar passionate F1 team?,윌리엄스 레이싱,cross_fan
I am looking for a team that is FrankWilliamsVision and EngineeringProwess.,윌리엄스 레이싱,tag_based
I am looking for a team that is StrugglingGiant and Heritage.,윌리엄스 레이싱,tag_based
I'm a huge fan of Kia Tigers. Is there a similar passionate F1 team?,윌리엄스 레이싱,cross_fan
I love a good underdog story. Which team should I support?,윌리엄스 레이싱,narrative
I am looking for a team that is Resilience and LowBudgetAchiever.,윌리엄스 레이싱,tag_based
I am looking for a team that is SpeedTrapKing and EngineeringProwess.,윌리엄스 레이싱,tag_based
I'm a huge fan of Man City. Is there a similar dominant F1 team?,윌리엄스 레이싱,cross_fan
I am looking for a team that is EngineeringProwess and LowBudgetAchiever.,윌리엄스 레이싱,tag_based
I am looking for a team that is EngineeringProwess and Heritage.,윌리엄스 레이싱,tag_based
I am looking for a team that is MercedesPowerUnit and RecentRebuild.,윌리엄스 레이싱,tag_based
I am looking for a team that is DriverDevelopment and PrivateerSpirit.,윌리엄스 레이싱,tag_based
I love a good underdog story. Which team should I support?,윌리엄스 레이싱,narrative
I am looking for a team that is PrivateerSpirit and MercedesPowerUnit.,윌리엄스 레이싱,tag_based
I'm a huge fan of Man City. Is there a similar dominant F1 team?,윌리엄스 레이싱,cross_fan
I'm a huge fan of Man City. Is there a similar dominant F1 team?,윌리엄스 레이싱,cross_fan
I love a good underdog story. Which team should I support?,자우버,narrative
I am looking for a team that is Privateer and Wind Tunnel Pioneers.,자우버,tag_based
I am looking for a team that is Pragmatic Racer and Privateer.,자우버,tag_based
I am looking for a team that is BMW Era and Opportunistic Points.,자우버,tag_based
I am looking for a team that is Audi Works Team and Swiss Engineering.,자우버,tag_based
I love a good underdog story. Which team should I support?,자우버,narrative
I am looking for a team that is Underdog Spirit and Pragmatic Racer.,자우버,tag_based
I am looking for a team that is Pragmatic Racer and Audi Works Team.,자우버,tag_based
I love a good underdog story. Which team should I support?,자우버,narrative
I am looking for a team that is Privateer and Pay Driver Necessity.,자우버,tag_based
I am looking for a team that is Talent Scout and Opportunistic Points.,자우버,tag_based
I'm a huge fan of Tottenham. Is there a similar underdog F1 team?,자우버,cross_fan
I am looking for a team that is Pragmatic Racer and Talent Scout.,자우버,tag_based
I'm a huge fan of Tottenham. Is there a similar underdog F1 team?,자우버,cross_fan
I love a good underdog story. Which team should I support?,자우버,narrative
I'm a huge fan of Tottenham. Is there a similar underdog F1 team?,자우버,cross_fan
I am looking for a team that is Underdog Spirit and BMW Era.,자우버,tag_based
I am looking for a team that is Future Focused and Financial Resilience.,자우버,tag_based
I am looking for a team that is Opportunistic Points and Future Focused.,자우버,tag_based
I am looking for a team that is Pay Driver Necessity and Opportunistic Points.,자우버,tag_based
I am looking for a team that is Audi Works Team and Midfield Maestro.,자우버,tag_based
I am looking for a team that is Pay Driver Necessity and Ferrari Customer.,자우버,tag_based
I am looking for a team that is Opportunistic Points and Swiss Engineering.,자우버,tag_based
I am looking for a team that is Financial Resilience and Midfield Maestro.,자우버,tag_based
I am looking for a team that is Hinwil Legacy and Midfield Maestro.,자우버,tag_based
I love a good underdog story. Which team should I support?,자우버,narrative
I love a good underdog story. Which team should I support?,자우버,narrative
I'm a huge fan of Tottenham. Is there a similar underdog F1 team?,자우버,cross_fan
I love a good underdog story. Which team should I support?,자우버,narrative
I love a good underdog story. Which team should I support?,자우버,narrative
I am looking for a team that is Opportunistic Points and Financial Resilience.,자우버,tag_based
I love a good underdog story. Which team should I support?,자우버,narrative
I am looking for a team that is Talent Scout and Midfield Maestro.,자우버,tag_based
I am looking for a team that is Hinwil Legacy and Ferrari Customer.,자우버,tag_based
I love a good underdog story. Which team should I support?,자우버,narrative
I love a good underdog story. Which team should I support?,자우버,narrative
I'm a huge fan of Tottenham. Is there a similar underdog F1 team?,자우버,cross_fan
I love a good underdog story. Which team should I support?,자우버,narrative
I am looking for a team that is BMW Era and Financial Resilience.,자우버,tag_based
I love a good underdog story. Which team should I support?,자우버,narrative
I love a good underdog story. Which team should I support?,자우버,narrative
I'm a huge fan of Man City. Is there a similar dominant F1 team?,자우버,cross_fan
I am looking for a team that is Audi Works Team and Hinwil Legacy.,자우버,tag_based
I'm a huge fan of Man City. Is there a similar dominant F1 team?,자우버,cross_fan
I love a good underdog story. Which team should I support?,자우버,narrative
I'm a huge fan of Man City. Is there a similar dominant F1 team?,자우버,cross_fan
I am looking for a team that is Swiss Engineering and Wind Tunnel Pioneers.,자우버,tag_based
I am looking for a team that is Future Focused and Audi Works Team.,자우버,tag_based
I am looking for a team that is Midfield Maestro and Hinwil Legacy.,자우버,tag_based
I am looking for a team that is Ferrari Customer and Opportunistic Points.,자우버,tag_based
I am looking for a team that is BMW Era and Pay Driver Necessity.,자우버,tag_based
I am looking for a team that is Pay Driver Necessity and Midfield Maestro.,자우버,tag_based
I love a good underdog story. Which team should I support?,자우버,narrative
I love a good underdog story. Which team should I support?,자우버,narrative
I am looking for a team that is Swiss Engineering and Talent Scout.,자우버,tag_based
I am looking for a team that is Hinwil Legacy and Opportunistic Points.,자우버,tag_based
I'm a huge fan of Tottenham. Is there a similar underdog F1 team?,자우버,cross_fan
I am looking for a team that is Future Focused and Swiss Engineering.,자우버,tag_based
I love a good underdog story. Which team should I support?,자우버,narrative
I am looking for a team that is Hinwil Legacy and Financial Resilience.,자우버,tag_based
I love a good underdog story. Which team should I support?,자우버,narrative
I am looking for a team that is Talent Scout and Hinwil Legacy.,자우버,tag_based
I am looking for a team that is Midfield Maestro and Talent Scout.,자우버,tag_based
I am looking for a team that is Pay Driver Necessity and Pragmatic Racer.,자우버,tag_based
I am looking for a team that is Privateer and Financial Resilience.,자우버,tag_based
I am looking for a team that is Underdog Spirit and Opportunistic Points.,자우버,tag_based
I love a good underdog story. Which team should I support?,자우버,narrative
I am looking for a team that is Hinwil Legacy and Underdog Spirit.,자우버,tag_based
I am looking for a team that is Talent Scout and Opportunistic Points.,자우버,tag_based
I'm a huge fan of Kia Tigers. Is there a similar passionate F1 team?,자우버,cross_fan
I love a good underdog story. Which team should I support?,자우버,narrative
I'm a huge fan of Tottenham. Is there a similar underdog F1 team?,자우버,cross_fan
I'm a huge fan of Tottenham. Is there a similar underdog F1 team?,자우버,cross_fan
I'm a huge fan of Man City. Is there a similar dominant F1 team?,자우버,cross_fan
I'm a huge fan of Kia Tigers. Is there a similar passionate F1 team?,자우버,cross_fan
I am looking for a team that is Privateer and Future Focused.,자우버,tag_based
I'm a huge fan of Kia Tigers. Is there a similar passionate F1 team?,자우버,cross_fan
I am looking for a team that is Talent Scout and Ferrari Customer.,자우버,tag_based
I am looking for a team that is Underdog Spirit and Future Focused.,자우버,tag_based
I am looking for a team that is Talent Scout and Swiss Engineering.,자우버,tag_based
I am looking for a team that is BMW Era and Wind Tunnel Pioneers.,자우버,tag_based
I am looking for a team that is Pragmatic Racer and Financial Resilience.,자우버,tag_based
I love a good underdog story. Which team should I support?,자우버,narrative
I love a good underdog story. Which team should I support?,자우버,narrative
I'm a huge fan of Tottenham. Is there a similar underdog F1 team?,자우버,cross_fan
I love a good underdog story. Which team should I support?,자우버,narrative
I am looking for a team that is Midfield Maestro and Talent Scout.,자우버,tag_based
I love a good underdog story. Which team should I support?,자우버,narrative
I love a good underdog story. Which team should I support?,자우버,narrative
I am looking for a team that is Audi Works Team and Opportunistic Points.,자우버,tag_based
I love a good underdog story. Which team should I support?,자우버,narrative
I'm a huge fan of Kia Tigers. Is there a similar passionate F1 team?,자우버,cross_fan
I am looking for a team that is Ferrari Customer and Privateer.,자우버,tag_based
I'm a huge fan of Man City. Is there a similar dominant F1 team?,자우버,cross_fan
I am looking for a team that is Midfield Maestro and Swiss Engineering.,자우버,tag_based
I am looking for a team that is Pay Driver Necessity and Audi Works Team.,자우버,tag_based
I am looking for a team that is Future Focused and Financial Resilience.,자우버,tag_based
I love a good underdog story. Which team should I support?,자우버,narrative
I am looking for a team that is BMW Era and Underdog Spirit.,자우버,tag_based
I am looking for a team that is Pay Driver Necessity and Pragmatic Racer.,자우버,tag_based
I am looking for a team that is Pay Driver Necessity and Talent Scout.,자우버,tag_based
I am looking for a team that is Pragmatic Racer and Underdog Spirit.,자우버,tag_based
I'm a huge fan of Tottenham. Is there a similar underdog F1 team?,자우버,cross_fan
I am looking for a team that is Pragmatic Racer and Pay Driver Necessity.,자우버,tag_based
I'm a huge fan of Tottenham. Is there a similar underdog F1 team?,자우버,cross_fan
I am looking for a team that is Talent Scout and Pragmatic Racer.,자우버,tag_based
I love a good underdog story. Which team should I support?,자우버,narrative
I love a good underdog story. Which team should I support?,자우버,narrative
I am looking for a team that is Opportunistic Points and Hinwil Legacy.,자우버,tag_based
I love a good underdog story. Which team should I support?,자우버,narrative
I am looking for a team that is Swiss Engineering and Opportunistic Points.,자우버,tag_based
I love a good underdog story. Which team should I support?,자우버,narrative
I am looking for a team that is Ferrari Customer and Underdog Spirit.,자우버,tag_based
I love a good underdog story. Which team should I support?,자우버,narrative
I am looking for a team that is Future Focused and Hinwil Legacy.,자우버,tag_based
I'm a huge fan of Man City. Is there a similar dominant F1 team?,자우버,cross_fan
I'm a huge fan of Man City. Is there a similar dominant F1 team?,자우버,cross_fan
I am looking for a team that is Opportunistic Points and Swiss Engineering.,자우버,tag_based
I love a good underdog story. Which team should I support?,자우버,narrative
I am looking for a team that is Privateer and Audi Works Team.,자우버,tag_based
